-- MySQL dump 10.13  Distrib 8.0.22, for Linux (x86_64)
--
-- Host: localhost    Database: vk
-- ------------------------------------------------------
-- Server version	8.0.22-0ubuntu0.20.04.2

/*!40101 SET @OLD_CHARACTER_SET_CLIENT=@@CHARACTER_SET_CLIENT */;
/*!40101 SET @OLD_CHARACTER_SET_RESULTS=@@CHARACTER_SET_RESULTS */;
/*!40101 SET @OLD_COLLATION_CONNECTION=@@COLLATION_CONNECTION */;
/*!50503 SET NAMES utf8mb4 */;
/*!40103 SET @OLD_TIME_ZONE=@@TIME_ZONE */;
/*!40103 SET TIME_ZONE='+00:00' */;
/*!40014 SET @OLD_UNIQUE_CHECKS=@@UNIQUE_CHECKS, UNIQUE_CHECKS=0 */;
/*!40014 SET @OLD_FOREIGN_KEY_CHECKS=@@FOREIGN_KEY_CHECKS, FOREIGN_KEY_CHECKS=0 */;
/*!40101 SET @OLD_SQL_MODE=@@SQL_MODE, SQL_MODE='NO_AUTO_VALUE_ON_ZERO' */;
/*!40111 SET @OLD_SQL_NOTES=@@SQL_NOTES, SQL_NOTES=0 */;

--
-- Table structure for table `communities`
--

DROP TABLE IF EXISTS `communities`;
/*!40101 SET @saved_cs_client     = @@character_set_client */;
/*!50503 SET character_set_client = utf8mb4 */;
CREATE TABLE `communities` (
  `id` int unsigned NOT NULL AUTO_INCREMENT COMMENT 'Идентификатор сроки',
  `name` varchar(150) CHARACTER SET utf8 COLLATE utf8_unicode_ci NOT NULL COMMENT 'Название группы',
  `created_at` datetime DEFAULT CURRENT_TIMESTAMP COMMENT 'Время создания строки',
  `updated_at` datetime DEFAULT CURRENT_TIMESTAMP ON UPDATE CURRENT_TIMESTAMP COMMENT 'Время обновления строки',
  PRIMARY KEY (`id`),
  UNIQUE KEY `name` (`name`)
) ENGINE=InnoDB AUTO_INCREMENT=21 DEFAULT CHARSET=utf8 COLLATE=utf8_unicode_ci COMMENT='Группы';
/*!40101 SET character_set_client = @saved_cs_client */;

--
-- Dumping data for table `communities`
--

LOCK TABLES `communities` WRITE;
/*!40000 ALTER TABLE `communities` DISABLE KEYS */;
INSERT INTO `communities` VALUES (1,'fugit','2020-11-06 02:42:40','2007-03-19 07:14:57'),(2,'omnis','1991-09-18 02:32:35','2009-04-05 04:46:36'),(3,'veniam','1973-02-09 00:26:52','1978-02-05 18:19:57'),(4,'vel','1976-04-09 19:22:40','1980-07-18 04:52:02'),(5,'soluta','1985-09-14 22:51:01','1994-07-30 03:07:12'),(6,'iste','1974-02-12 18:53:26','2018-06-02 02:56:13'),(7,'laudantium','1978-06-19 12:10:47','1970-12-04 07:49:21'),(8,'autem','2011-09-24 08:11:29','2020-10-11 16:49:34'),(9,'voluptatum','1987-10-23 06:36:08','1994-03-24 10:12:56'),(10,'temporibus','2000-02-01 08:26:24','1999-09-07 17:46:52'),(11,'eaque','2001-07-17 03:58:32','1972-04-14 03:22:48'),(12,'ut','1996-07-10 03:32:24','1987-10-31 00:47:54'),(13,'dolor','1994-02-27 07:45:27','2006-01-01 09:47:56'),(14,'culpa','1984-03-29 19:35:19','1974-05-28 01:05:04'),(15,'cumque','1976-06-24 23:33:30','1999-09-29 16:26:27'),(16,'esse','2003-01-07 08:23:58','1993-09-15 01:28:52'),(17,'repellat','2005-11-17 12:12:25','1991-03-28 21:41:47'),(18,'maxime','1970-05-28 16:38:40','2002-01-18 15:14:33'),(19,'nam','1999-02-11 19:06:49','2000-04-15 21:23:25'),(20,'voluptatem','1983-09-22 04:46:29','1991-03-20 18:01:08');
/*!40000 ALTER TABLE `communities` ENABLE KEYS */;
UNLOCK TABLES;

--
-- Table structure for table `communities_users`
--

DROP TABLE IF EXISTS `communities_users`;
/*!40101 SET @saved_cs_client     = @@character_set_client */;
/*!50503 SET character_set_client = utf8mb4 */;
CREATE TABLE `communities_users` (
  `community_id` int unsigned NOT NULL COMMENT 'Ссылка на группу',
  `user_id` int unsigned NOT NULL COMMENT 'Ссылка на пользователя',
  `created_at` datetime DEFAULT CURRENT_TIMESTAMP COMMENT 'Время создания строки',
  PRIMARY KEY (`community_id`,`user_id`) COMMENT 'Составной первичный ключ'
) ENGINE=InnoDB DEFAULT CHARSET=utf8 COLLATE=utf8_unicode_ci COMMENT='Участники групп, связь между пользователями и группами';
/*!40101 SET character_set_client = @saved_cs_client */;

--
-- Dumping data for table `communities_users`
--

LOCK TABLES `communities_users` WRITE;
/*!40000 ALTER TABLE `communities_users` DISABLE KEYS */;
INSERT INTO `communities_users` VALUES (1,7,'1986-01-03 22:35:57'),(1,29,'2018-12-29 20:07:29'),(1,49,'1986-02-18 23:35:50'),(1,81,'1986-02-12 10:08:17'),(2,2,'1975-11-07 03:23:56'),(2,25,'2007-10-16 11:15:27'),(2,39,'2006-04-10 17:11:02'),(2,59,'1972-06-09 07:18:05'),(2,76,'2011-05-20 23:13:45'),(2,77,'2007-02-10 04:25:13'),(2,92,'1974-06-16 14:17:49'),(3,14,'1990-07-20 13:31:15'),(3,23,'2017-06-01 08:15:51'),(3,26,'2011-07-04 16:53:34'),(3,58,'2017-05-09 15:08:22'),(3,62,'1981-06-30 05:20:06'),(3,63,'1984-10-04 13:20:29'),(3,65,'2002-01-28 20:00:05'),(3,74,'2003-03-24 01:45:14'),(3,94,'1981-01-19 15:55:00'),(4,4,'1993-02-27 12:46:31'),(4,19,'1997-08-18 23:09:56'),(4,24,'2015-01-20 06:32:31'),(4,32,'1990-10-02 15:59:41'),(4,40,'2008-10-29 22:41:18'),(4,50,'2011-12-13 08:22:05'),(4,53,'1978-11-29 04:00:16'),(4,58,'1991-10-10 22:07:28'),(4,60,'1972-08-28 10:04:29'),(5,5,'1983-05-26 06:53:28'),(5,20,'1995-07-16 04:40:11'),(5,56,'1973-02-02 23:53:03'),(6,3,'1991-03-16 20:17:37'),(7,9,'1998-08-23 03:12:20'),(7,30,'2003-08-14 14:41:32'),(7,37,'2008-11-13 09:47:47'),(7,38,'2005-09-22 05:26:54'),(7,40,'2018-10-07 13:04:52'),(7,47,'1979-09-04 11:12:44'),(7,84,'2003-08-15 05:45:30'),(7,86,'1992-12-23 20:22:14'),(8,21,'2001-08-05 08:56:56'),(8,52,'1971-08-15 16:15:18'),(8,61,'2006-09-23 10:57:23'),(8,62,'1985-05-29 20:12:05'),(8,94,'2018-02-19 13:07:59'),(9,1,'2012-11-17 11:31:24'),(9,7,'2001-02-26 08:17:50'),(9,16,'2005-05-01 22:12:50'),(9,21,'1971-11-20 03:17:50'),(9,26,'1988-01-28 17:15:48'),(10,20,'1973-01-25 14:36:32'),(10,57,'1972-11-23 11:25:10'),(10,73,'2014-11-06 22:48:52'),(10,76,'1993-08-18 02:48:25'),(11,14,'2012-10-12 15:49:52'),(11,25,'1979-06-04 13:40:43'),(11,40,'1978-11-14 21:18:44'),(11,87,'2017-09-07 10:56:18'),(12,6,'1996-12-21 15:49:39'),(12,11,'1974-01-16 11:31:13'),(12,22,'2014-06-15 21:53:06'),(12,53,'1975-08-30 01:47:16'),(12,61,'1995-06-19 09:00:42'),(12,82,'2001-05-03 17:18:44'),(12,92,'1985-10-16 02:12:44'),(13,43,'2012-04-15 04:46:16'),(13,58,'1971-02-01 15:46:02'),(14,9,'2016-09-16 02:22:36'),(14,35,'1979-07-06 00:31:15'),(14,44,'1971-02-18 10:28:45'),(14,45,'1997-01-06 20:17:36'),(14,74,'1992-10-30 01:46:41'),(15,12,'1996-10-22 11:09:23'),(15,17,'1971-01-09 05:49:44'),(15,27,'1983-04-22 08:05:18'),(15,28,'1992-08-22 04:07:52'),(15,42,'2007-10-27 03:27:18'),(15,54,'1983-07-11 07:07:47'),(15,60,'2010-10-08 15:55:12'),(15,93,'1977-05-25 14:29:16'),(16,13,'1974-11-11 08:37:24'),(16,54,'1993-12-23 08:12:44'),(17,20,'2006-11-13 02:35:20'),(17,83,'2018-01-23 09:09:45'),(17,85,'1999-04-10 04:57:16'),(17,86,'2004-08-30 08:35:16'),(18,17,'2013-10-15 17:15:30'),(18,88,'1986-04-25 08:57:27'),(18,89,'2003-12-07 18:27:43'),(18,97,'2018-09-07 16:26:45'),(19,7,'1992-09-13 10:37:08'),(19,19,'1993-05-11 21:29:46'),(19,89,'2020-06-27 01:14:05'),(19,93,'2012-08-11 12:25:45'),(20,25,'1972-09-19 21:32:48'),(20,33,'1997-07-31 08:09:10'),(20,37,'1978-05-28 11:56:41'),(20,58,'1984-06-01 00:08:10'),(20,87,'1989-08-28 16:18:22');
/*!40000 ALTER TABLE `communities_users` ENABLE KEYS */;
UNLOCK TABLES;

--
-- Table structure for table `friendship`
--

DROP TABLE IF EXISTS `friendship`;
/*!40101 SET @saved_cs_client     = @@character_set_client */;
/*!50503 SET character_set_client = utf8mb4 */;
CREATE TABLE `friendship` (
  `user_id` int unsigned NOT NULL COMMENT 'Ссылка на инициатора дружеских отношений',
  `friend_id` int unsigned NOT NULL COMMENT 'Ссылка на получателя приглашения дружить',
  `status_id` int unsigned NOT NULL COMMENT 'Ссылка на статус (текущее состояние) отношений',
  `requested_at` datetime DEFAULT CURRENT_TIMESTAMP COMMENT 'Время отправления приглашения дружить',
  `confirmed_at` datetime DEFAULT NULL COMMENT 'Время подтверждения приглашения',
  `created_at` datetime DEFAULT CURRENT_TIMESTAMP COMMENT 'Время создания строки',
  `updated_at` datetime DEFAULT CURRENT_TIMESTAMP ON UPDATE CURRENT_TIMESTAMP COMMENT 'Время обновления строки',
  PRIMARY KEY (`user_id`,`friend_id`) COMMENT 'Составной первичный ключ'
) ENGINE=InnoDB DEFAULT CHARSET=utf8 COLLATE=utf8_unicode_ci COMMENT='Таблица дружбы';
/*!40101 SET character_set_client = @saved_cs_client */;

--
-- Dumping data for table `friendship`
--

LOCK TABLES `friendship` WRITE;
/*!40000 ALTER TABLE `friendship` DISABLE KEYS */;
INSERT INTO `friendship` VALUES (1,12,3,'1997-12-09 06:56:46','1992-03-25 09:15:35','2014-12-01 16:48:10','2012-11-10 10:35:24'),(2,99,3,'1983-06-17 09:22:50','1990-02-20 23:03:33','2001-02-10 08:39:20','2016-08-01 17:27:11'),(3,38,1,'1976-09-18 11:45:18','2001-02-25 08:02:59','1987-08-10 04:55:27','2006-10-30 13:54:02'),(3,64,1,'1974-04-20 14:24:57','2005-11-30 23:41:48','1972-05-07 07:17:06','2015-03-07 19:15:32'),(6,47,2,'1988-01-04 03:55:16','1990-10-30 07:17:05','2001-03-19 14:27:47','2015-05-31 00:41:12'),(7,32,2,'1993-07-07 05:30:48','2016-09-10 23:57:00','2004-11-18 15:48:45','1983-03-04 20:47:29'),(8,55,3,'1993-03-16 21:20:46','2018-11-17 11:24:09','1972-10-20 20:53:23','2006-11-27 02:42:41'),(8,60,2,'2006-02-07 12:37:47','1983-02-17 04:54:42','1978-09-13 01:59:31','2013-09-01 04:05:35'),(10,11,3,'1988-02-24 01:36:36','1991-10-17 06:30:16','2010-03-31 14:25:02','1986-12-24 20:19:50'),(10,46,2,'2015-02-05 07:34:40','2012-02-04 21:50:27','2016-04-17 02:08:28','1992-09-09 08:24:35'),(10,60,2,'1970-07-15 15:26:19','1976-08-05 15:46:04','1983-01-21 11:37:34','2009-12-12 12:54:08'),(11,48,2,'1977-03-28 23:48:50','1981-05-01 21:27:02','2017-03-15 10:50:51','2017-10-17 06:04:59'),(12,2,1,'2018-10-23 14:45:25','2012-06-12 11:10:53','1972-12-11 20:52:30','1986-09-22 17:12:50'),(12,66,2,'1976-02-01 10:51:17','1984-09-02 23:34:43','1998-03-19 10:44:52','2013-08-09 18:16:30'),(13,9,1,'2010-11-09 21:59:57','2013-08-12 06:57:47','2012-11-28 03:42:24','1991-01-15 11:01:28'),(14,12,2,'1980-07-07 20:14:33','1981-11-16 01:30:27','2011-07-20 13:57:27','1985-05-16 13:26:41'),(15,67,2,'1990-10-19 16:38:45','1997-08-19 11:43:57','1977-11-04 04:39:18','2016-07-22 07:15:57'),(16,67,1,'1990-04-07 06:07:21','1997-03-01 17:29:26','2001-07-31 13:02:09','1971-03-11 16:30:43'),(19,14,2,'1989-12-23 09:41:24','1984-03-06 11:38:00','1986-07-16 05:04:38','2004-09-12 07:50:35'),(19,80,1,'1991-12-11 07:37:43','1989-01-30 14:21:20','2004-04-21 09:30:57','2005-08-24 03:37:25'),(22,95,2,'1994-12-07 12:44:04','1998-09-04 02:59:06','2000-11-14 14:36:38','2003-02-11 05:47:12'),(23,57,2,'1985-06-11 01:56:52','1971-01-27 11:07:45','1978-06-30 03:37:54','2007-08-02 07:50:18'),(24,56,1,'1985-09-02 02:33:00','1975-04-10 12:44:21','2011-11-04 12:01:31','2002-04-19 23:02:38'),(24,66,2,'2003-05-26 11:21:18','2013-05-10 05:48:41','1990-06-02 20:19:46','2002-08-26 20:43:32'),(24,88,2,'1982-01-07 04:30:29','2016-03-29 02:24:42','2015-12-28 08:29:49','1975-04-01 10:06:04'),(25,8,1,'1976-04-01 03:42:04','1993-07-06 18:15:04','1974-01-15 23:27:55','1998-07-19 17:09:43'),(26,40,3,'2015-12-24 23:50:51','1982-08-22 06:55:36','1978-05-06 20:29:27','1978-07-05 08:00:29'),(26,58,3,'2015-06-11 21:52:37','1981-04-30 00:28:53','1997-05-03 11:16:34','1980-01-10 22:51:45'),(27,19,1,'2009-07-29 16:48:59','2007-12-30 19:44:34','1979-03-24 05:32:55','2012-06-23 14:52:03'),(28,95,3,'1972-05-30 07:26:25','2005-12-01 15:39:10','1997-10-24 21:24:01','1986-02-13 23:08:07'),(29,94,2,'1997-10-17 10:44:07','1972-03-22 20:13:53','2011-06-10 04:51:00','1979-03-11 07:04:01'),(30,5,1,'1976-05-14 09:00:19','1987-01-07 10:05:32','2016-09-10 16:44:35','1998-01-20 12:08:46'),(30,32,1,'2010-09-18 10:02:33','2015-01-23 09:27:22','1994-04-28 05:24:42','2010-10-29 04:31:00'),(30,62,2,'1999-11-13 18:29:04','1999-01-30 13:05:39','1988-10-04 22:33:32','1986-07-01 04:16:38'),(30,70,3,'1987-01-15 04:37:55','1994-06-02 02:11:40','1986-04-25 00:39:57','1995-05-07 00:53:21'),(31,42,2,'1975-01-27 03:24:21','1979-01-10 01:02:45','1970-06-17 22:43:24','1993-04-07 15:05:54'),(33,18,3,'1975-04-10 12:06:19','2018-11-03 07:58:29','1978-05-06 16:10:12','1994-05-27 23:03:05'),(34,26,1,'2003-04-06 10:09:39','2006-03-05 02:55:06','1987-12-15 23:40:25','2015-08-15 06:35:50'),(34,71,2,'2011-06-28 18:00:43','1979-10-08 07:59:42','2002-01-17 14:11:38','2007-07-28 11:07:56'),(39,42,3,'2005-11-19 15:05:06','1976-07-16 02:38:52','2000-01-14 11:52:36','1980-06-05 16:52:00'),(42,2,3,'1978-10-24 23:17:32','2013-09-21 09:45:21','2002-09-11 18:51:10','2020-09-08 12:20:07'),(42,76,2,'1984-05-01 05:38:47','1981-07-29 04:39:06','1990-07-20 19:11:49','1978-06-17 11:40:52'),(43,55,2,'2004-04-28 18:16:55','2017-06-01 17:19:12','1991-12-30 13:38:23','2019-02-25 23:25:10'),(44,51,3,'1984-10-02 05:20:00','1989-01-24 23:38:40','1982-11-12 19:13:03','2013-06-24 17:05:07'),(44,62,1,'1992-03-01 21:09:03','1986-09-05 18:43:59','1970-01-24 02:28:22','1992-01-10 03:34:53'),(45,28,1,'2005-03-10 06:01:37','2010-04-26 20:27:51','2010-08-02 09:31:05','2007-06-12 05:53:07'),(46,78,1,'2003-06-30 00:59:48','2019-11-25 18:41:09','1976-11-04 11:48:22','1997-02-28 16:36:51'),(47,21,1,'1985-01-01 10:22:08','1996-04-28 20:25:55','1997-12-13 08:39:45','2010-05-09 22:00:07'),(48,43,2,'2005-09-06 09:46:16','2005-12-01 05:37:07','2010-06-29 16:28:40','2008-10-29 12:55:11'),(50,30,2,'2015-09-22 14:21:48','2006-05-04 01:29:02','2005-09-23 08:06:41','1982-11-26 08:55:48'),(50,41,3,'1984-09-19 12:26:26','1990-07-29 15:53:15','2004-11-17 17:45:34','2020-05-18 22:04:34'),(51,42,1,'1986-09-27 09:34:14','2005-05-31 02:51:59','2012-01-30 13:37:56','1999-01-05 18:48:41'),(53,37,2,'1986-09-18 06:59:23','1986-01-31 15:55:45','1977-10-21 13:00:18','2016-03-28 21:56:11'),(57,23,1,'1980-05-29 23:28:25','1981-04-30 08:19:29','1980-12-21 06:21:19','1983-09-10 06:54:00'),(58,20,3,'1996-02-25 20:56:16','1990-06-09 20:20:05','1996-12-31 20:51:15','1973-06-20 22:38:59'),(59,93,1,'1989-06-13 04:39:53','1992-11-01 12:48:33','2015-07-07 05:00:00','1983-03-10 14:30:16'),(60,53,2,'2011-01-04 10:18:51','1982-01-25 16:39:21','2011-11-24 08:26:36','2017-06-02 11:21:05'),(61,42,2,'2008-02-26 17:21:14','2019-04-13 08:56:25','1970-08-06 21:18:46','1974-04-06 01:42:13'),(62,79,2,'1986-01-18 09:47:16','1981-08-26 19:24:18','1995-07-15 23:11:03','1977-10-26 19:26:41'),(63,31,2,'2002-12-11 13:34:35','1972-12-22 00:02:56','1993-03-13 12:41:21','1988-10-27 15:41:59'),(63,52,3,'1976-06-18 12:53:51','2010-09-02 12:41:57','2010-01-29 19:00:07','2004-05-06 00:26:43'),(64,78,2,'1973-11-01 09:18:27','1999-03-12 02:36:57','2006-07-01 13:48:57','2020-01-03 08:55:13'),(70,46,3,'2014-06-20 08:05:34','1978-05-07 23:54:05','1991-03-10 05:09:02','1984-01-05 15:57:19'),(70,74,1,'1979-11-25 22:58:52','2020-08-10 13:35:32','2014-10-09 11:44:41','1972-12-19 13:43:18'),(71,86,2,'2012-07-30 14:22:39','2016-08-07 19:58:22','1986-06-02 22:21:55','1973-07-21 00:55:58'),(72,40,2,'1993-08-02 19:48:49','1991-05-27 14:08:22','1974-01-30 01:22:49','2002-07-28 19:50:04'),(72,63,1,'1984-12-28 01:09:54','1999-11-22 06:31:26','1975-07-08 21:40:14','2009-07-18 19:34:43'),(72,98,3,'2014-02-15 02:08:49','1981-04-22 06:56:46','2008-09-19 01:34:05','2001-03-17 00:33:11'),(73,32,2,'2009-12-20 08:09:09','2000-08-10 12:40:45','1998-09-25 00:15:15','1978-12-04 12:22:49'),(73,100,3,'2013-04-03 15:32:29','2014-09-07 05:28:28','1992-09-19 16:22:59','2020-04-22 08:32:07'),(75,32,1,'2008-03-27 02:49:53','2003-12-30 16:50:01','2009-12-12 09:18:51','1985-09-18 02:08:12'),(75,57,2,'1999-12-20 05:48:48','1979-02-03 08:23:26','2009-10-06 13:38:09','2012-09-11 22:41:35'),(75,87,2,'2003-05-10 11:23:42','1996-09-02 00:38:36','1980-01-16 01:02:21','2018-04-27 12:56:18'),(76,35,3,'1983-11-08 12:34:31','1983-04-07 03:55:20','2016-08-17 18:07:08','1972-03-15 07:49:18'),(77,42,3,'1975-02-17 11:57:44','2001-06-11 01:38:47','2019-09-11 08:14:27','2020-01-15 16:11:37'),(77,71,3,'1991-12-21 12:48:30','2015-06-09 06:14:16','2002-11-27 16:27:17','2005-05-10 12:12:30'),(77,73,3,'1988-02-01 15:29:31','1987-05-07 09:30:45','1998-02-16 06:39:49','1975-11-11 23:53:52'),(79,29,3,'2001-09-20 22:43:12','1974-10-10 22:32:33','1976-01-21 04:10:09','1984-01-03 20:51:11'),(79,37,1,'2020-07-01 19:03:59','2003-01-28 04:09:14','1974-11-03 06:51:07','1994-06-26 20:50:49'),(80,46,3,'1987-11-18 02:46:38','1971-03-01 22:38:19','1992-01-24 21:09:24','2005-07-28 03:13:29'),(81,30,1,'1986-02-24 08:58:57','1974-11-05 00:03:19','1997-02-17 06:47:53','2007-12-16 12:41:02'),(81,37,1,'2020-10-25 21:34:33','1991-06-27 23:58:53','2005-03-25 04:20:08','1995-12-29 14:03:08'),(84,15,1,'1973-10-30 13:38:37','2001-07-13 07:15:54','1973-09-04 13:43:04','1986-03-01 11:59:44'),(85,21,2,'1976-07-17 17:46:55','1971-04-12 13:52:07','2016-05-04 22:55:33','2010-09-06 22:22:59'),(86,17,3,'1977-10-21 16:08:32','1981-03-25 01:21:56','2013-05-10 12:53:43','2013-09-08 22:55:03'),(87,22,1,'2002-07-25 01:08:03','1975-03-17 17:18:38','2005-10-09 00:35:24','1992-06-27 08:30:05'),(88,65,2,'1996-09-07 12:15:18','2017-08-13 12:56:52','1972-05-30 12:27:20','2001-05-24 07:22:19'),(88,93,1,'1998-11-14 21:10:51','2008-11-15 17:37:15','1972-06-23 04:17:32','1978-06-14 13:38:20'),(90,1,2,'1992-07-04 04:04:52','1982-06-22 19:14:01','2012-11-08 04:29:25','1970-08-13 20:33:37'),(91,44,2,'2011-09-08 03:46:35','2019-05-27 14:12:31','1982-09-11 09:28:49','1983-09-29 12:12:16'),(92,77,1,'2017-06-28 08:04:41','1981-11-20 23:22:29','1990-05-15 22:42:43','1980-07-02 14:04:21'),(93,6,1,'2018-11-08 14:13:47','1990-04-27 10:16:04','2008-08-28 22:21:33','1997-08-29 10:37:42'),(94,11,1,'1988-08-13 20:42:43','1979-12-30 21:17:19','1999-08-19 02:38:51','1980-12-05 06:15:20'),(94,86,1,'1989-05-13 02:11:09','1970-04-17 20:09:49','2005-01-12 12:06:37','1995-08-25 14:33:09'),(95,72,2,'1980-10-21 21:20:42','1994-01-03 12:29:43','1991-06-16 23:37:27','2006-12-12 23:34:17'),(97,7,2,'1976-02-20 02:02:30','1973-05-24 16:32:08','1999-06-27 08:57:21','1983-04-25 01:20:45'),(98,25,1,'2016-12-14 12:34:04','1999-10-22 14:47:57','1971-02-07 22:52:25','2014-02-25 14:54:36'),(99,18,1,'1974-02-12 23:59:57','1991-11-03 08:01:28','1996-01-17 06:56:21','2009-02-27 11:20:20'),(99,33,2,'1993-09-08 01:04:24','1970-07-25 00:49:22','1985-11-01 04:18:10','1972-07-26 12:32:35'),(99,75,2,'2015-01-03 06:44:24','2000-11-04 14:42:59','2020-07-14 12:30:38','2002-07-13 05:30:39');
/*!40000 ALTER TABLE `friendship` ENABLE KEYS */;
UNLOCK TABLES;

--
-- Table structure for table `friendship_statuses`
--

DROP TABLE IF EXISTS `friendship_statuses`;
/*!40101 SET @saved_cs_client     = @@character_set_client */;
/*!50503 SET character_set_client = utf8mb4 */;
CREATE TABLE `friendship_statuses` (
  `id` int unsigned NOT NULL AUTO_INCREMENT COMMENT 'Идентификатор строки',
  `name` varchar(150) CHARACTER SET utf8 COLLATE utf8_unicode_ci NOT NULL COMMENT 'Название статуса',
  `created_at` datetime DEFAULT CURRENT_TIMESTAMP COMMENT 'Время создания строки',
  `updated_at` datetime DEFAULT CURRENT_TIMESTAMP ON UPDATE CURRENT_TIMESTAMP COMMENT 'Время обновления строки',
  PRIMARY KEY (`id`),
  UNIQUE KEY `name` (`name`)
) ENGINE=InnoDB AUTO_INCREMENT=4 DEFAULT CHARSET=utf8 COLLATE=utf8_unicode_ci COMMENT='Статусы дружбы';
/*!40101 SET character_set_client = @saved_cs_client */;

--
-- Dumping data for table `friendship_statuses`
--

LOCK TABLES `friendship_statuses` WRITE;
/*!40000 ALTER TABLE `friendship_statuses` DISABLE KEYS */;
INSERT INTO `friendship_statuses` VALUES (1,'rejected','1982-11-28 04:05:17','1999-06-08 03:17:24'),(2,'confirmed','1999-06-22 14:57:51','2014-08-15 22:21:54'),(3,'waiting','1977-01-29 09:25:44','1972-08-20 19:57:19');
/*!40000 ALTER TABLE `friendship_statuses` ENABLE KEYS */;
UNLOCK TABLES;

--
-- Table structure for table `media`
--

DROP TABLE IF EXISTS `media`;
/*!40101 SET @saved_cs_client     = @@character_set_client */;
/*!50503 SET character_set_client = utf8mb4 */;
CREATE TABLE `media` (
  `id` int unsigned NOT NULL AUTO_INCREMENT COMMENT 'Идентификатор строки',
  `user_id` int unsigned NOT NULL COMMENT 'Ссылка на пользователя, который загрузил файл',
  `filename` varchar(255) CHARACTER SET utf8 COLLATE utf8_unicode_ci NOT NULL COMMENT 'Путь к файлу',
  `size` int NOT NULL COMMENT 'Размер файла',
  `metadata` longtext CHARACTER SET utf8mb4 COLLATE utf8mb4_bin COMMENT 'Метаданные файла',
  `media_type_id` int unsigned NOT NULL COMMENT 'Ссылка на тип контента',
  `created_at` datetime DEFAULT CURRENT_TIMESTAMP COMMENT 'Время создания строки',
  `updated_at` datetime DEFAULT CURRENT_TIMESTAMP ON UPDATE CURRENT_TIMESTAMP COMMENT 'Время обновления строки',
  PRIMARY KEY (`id`),
  CONSTRAINT `media_chk_1` CHECK (json_valid(`metadata`))
) ENGINE=InnoDB AUTO_INCREMENT=101 DEFAULT CHARSET=utf8 COLLATE=utf8_unicode_ci COMMENT='Медиафайлы';
/*!40101 SET character_set_client = @saved_cs_client */;

--
-- Dumping data for table `media`
--

LOCK TABLES `media` WRITE;
/*!40000 ALTER TABLE `media` DISABLE KEYS */;
INSERT INTO `media` VALUES (1,53,'http://hyatt.com/',942,NULL,2,'2005-02-09 08:51:20','1994-02-13 09:38:29'),(2,85,'http://okonkoss.com/',47755,NULL,3,'2005-12-28 20:22:52','2013-10-24 07:11:24'),(3,96,'http://langosh.com/',2,NULL,2,'1985-07-14 00:52:18','1990-11-01 23:46:23'),(4,8,'http://www.bartondonnelly.com/',97855,NULL,4,'2011-04-26 23:19:55','1994-05-19 22:31:15'),(5,53,'http://tremblaywolf.com/',0,NULL,2,'2015-08-09 18:36:25','1971-03-11 17:23:47'),(6,91,'http://kautzer.com/',963986,NULL,2,'1996-07-25 23:42:10','1972-10-20 09:42:09'),(7,86,'http://homenickhuels.com/',2127463,NULL,3,'1970-04-10 13:16:16','2002-02-24 13:25:04'),(8,50,'http://hansen.com/',689,NULL,2,'1995-01-22 23:46:59','1997-10-07 15:00:11'),(9,56,'http://shanahan.com/',4358,NULL,2,'1987-01-26 11:05:36','2009-11-22 00:06:30'),(10,85,'http://www.bosco.org/',4919713,NULL,4,'2018-02-15 03:11:27','2011-06-26 23:50:33'),(11,90,'http://www.boehmrosenbaum.com/',4046462,NULL,1,'2012-11-17 00:53:34','1991-10-14 10:52:34'),(12,55,'http://www.swiftturner.com/',78181150,NULL,2,'1983-10-02 00:19:48','1994-12-14 09:53:23'),(13,44,'http://mraz.com/',7979024,NULL,1,'2002-09-12 23:32:27','2000-01-28 00:24:45'),(14,76,'http://kunzeadams.com/',1022,NULL,3,'1994-01-21 05:50:10','1970-06-10 12:23:39'),(15,8,'http://www.greenfelder.org/',0,NULL,1,'1986-11-07 00:32:06','2012-06-06 01:10:33'),(16,50,'http://www.lang.com/',904,NULL,3,'1985-12-14 13:16:37','2006-12-14 06:43:58'),(17,46,'http://kemmer.com/',2,NULL,2,'2014-06-07 04:25:32','2018-05-29 16:42:24'),(18,24,'http://www.mills.info/',34,NULL,2,'1976-09-01 06:21:00','2013-02-25 23:00:44'),(19,79,'http://rau.biz/',9,NULL,2,'2011-12-02 04:40:27','2010-07-16 00:24:40'),(20,33,'http://gleichnerferry.net/',945,NULL,2,'1985-03-31 13:40:53','1980-12-09 12:34:42'),(21,81,'http://erdman.net/',0,NULL,1,'1980-10-06 13:32:25','2013-12-08 01:41:07'),(22,59,'http://www.jakubowski.com/',81412,NULL,3,'1994-09-22 00:48:52','1981-03-22 07:55:21'),(23,80,'http://conroy.org/',0,NULL,1,'1996-07-25 10:32:37','1986-01-31 04:44:02'),(24,99,'http://www.waelchi.biz/',123,NULL,2,'1979-11-06 06:54:34','2012-10-01 12:33:21'),(25,57,'http://www.emmerichwiegand.info/',1215,NULL,4,'1982-02-05 11:05:17','1981-12-11 07:58:01'),(26,23,'http://pagac.com/',34908,NULL,2,'1986-02-16 08:20:00','2014-03-05 11:09:17'),(27,91,'http://vandervort.org/',241956,NULL,4,'1973-06-25 14:01:29','2019-03-06 12:40:20'),(28,77,'http://gulgowski.com/',3743,NULL,2,'2019-07-04 13:42:09','1987-11-10 12:23:40'),(29,83,'http://marquardt.com/',9,NULL,3,'2017-12-23 19:52:35','1993-02-13 05:14:34'),(30,4,'http://www.keeblerhackett.net/',731281368,NULL,4,'1970-07-23 21:33:00','2002-01-03 19:46:58'),(31,54,'http://hoppe.com/',718693910,NULL,3,'1991-02-18 17:21:54','2000-10-25 12:17:00'),(32,50,'http://hickle.com/',0,NULL,4,'1978-03-03 11:55:39','2012-12-14 07:59:31'),(33,87,'http://oberbrunner.com/',0,NULL,3,'1988-11-14 20:29:20','1993-07-15 02:04:02'),(34,42,'http://steuber.net/',926140,NULL,3,'1975-07-06 11:31:04','2009-12-30 19:43:15'),(35,5,'http://leannonoberbrunner.com/',397,NULL,3,'2016-01-15 23:24:08','1993-08-02 01:48:52'),(36,96,'http://padberg.com/',51769971,NULL,4,'1987-09-26 07:56:18','2012-10-28 10:42:30'),(37,97,'http://feil.com/',0,NULL,3,'1977-09-02 18:38:09','2013-08-04 14:44:18'),(38,52,'http://schultz.com/',24191,NULL,4,'2006-08-27 15:32:08','1979-04-26 17:56:18'),(39,63,'http://www.krajcik.org/',0,NULL,3,'1972-11-24 05:45:31','1974-06-16 15:47:05'),(40,11,'http://www.russel.com/',8113,NULL,1,'2009-05-26 00:11:37','2000-07-08 06:54:42'),(41,34,'http://www.langworth.com/',6934,NULL,2,'2012-08-13 05:02:56','2018-04-24 04:01:36'),(42,66,'http://www.tremblay.net/',7867,NULL,1,'1997-03-20 08:22:54','2002-10-28 06:01:40'),(43,10,'http://www.wisozk.info/',7552759,NULL,2,'1999-05-19 07:19:57','1976-06-08 17:52:33'),(44,58,'http://www.cremin.net/',731,NULL,4,'1994-04-06 12:44:25','2010-06-30 12:33:04'),(45,94,'http://torphy.com/',92548,NULL,3,'1978-07-16 06:14:06','2004-09-25 11:28:39'),(46,81,'http://franecki.info/',8940586,NULL,2,'2017-12-05 15:45:52','1981-02-21 10:21:27'),(47,14,'http://cruickshankhowell.info/',243,NULL,2,'2018-07-09 21:16:47','1983-05-15 07:25:34'),(48,47,'http://hegmann.net/',465904,NULL,1,'2017-08-25 04:45:04','1997-03-27 08:30:42'),(49,3,'http://www.purdy.biz/',170715,NULL,4,'2012-08-30 03:28:41','1971-11-23 13:30:43'),(50,66,'http://www.wilderman.org/',24883805,NULL,1,'2015-02-20 10:44:49','1984-12-05 23:15:05'),(51,62,'http://abbott.com/',49872,NULL,3,'1970-02-25 19:29:33','1994-07-08 05:41:55'),(52,92,'http://www.schummherzog.com/',180214,NULL,3,'2009-08-05 23:56:24','1996-06-24 03:56:57'),(53,16,'http://www.weissnat.org/',71,NULL,2,'2004-03-21 00:17:08','1979-10-29 19:08:08'),(54,34,'http://www.auerhahn.com/',97,NULL,4,'1993-07-10 08:13:54','1998-07-16 17:00:49'),(55,94,'http://www.schowalter.com/',6529,NULL,2,'2014-03-08 23:00:42','1999-03-19 06:24:34'),(56,98,'http://www.mcclurebrekke.com/',124642,NULL,2,'1977-08-16 15:06:44','2015-03-01 17:37:23'),(57,78,'http://nolan.biz/',587,NULL,3,'2008-03-01 09:55:30','2011-06-26 19:54:30'),(58,50,'http://carrollrempel.com/',4732,NULL,4,'1973-05-25 08:28:16','2014-01-30 20:47:55'),(59,5,'http://okon.org/',199476,NULL,1,'2012-06-19 08:24:46','1984-01-12 20:03:50'),(60,79,'http://www.turcotte.org/',32,NULL,4,'1981-10-14 11:27:03','2000-03-02 10:32:36'),(61,68,'http://bartoletti.net/',26,NULL,3,'1990-09-06 02:00:07','1971-01-22 06:02:01'),(62,46,'http://www.kihn.com/',0,NULL,4,'2008-09-12 20:42:45','1981-12-17 00:54:56'),(63,89,'http://dietrich.com/',672,NULL,4,'2013-10-11 17:18:25','1984-05-10 09:17:07'),(64,82,'http://www.schimmel.com/',61413216,NULL,4,'2020-03-28 08:02:58','1975-07-09 07:27:24'),(65,80,'http://www.hintzdurgan.com/',350,NULL,2,'1997-02-05 05:29:08','2019-12-08 08:47:23'),(66,99,'http://www.kohler.net/',299796,NULL,2,'1993-10-25 12:34:04','1999-07-10 00:55:29'),(67,8,'http://www.shanahan.com/',716,NULL,4,'1980-01-08 17:14:28','1979-05-28 14:17:45'),(68,99,'http://stokesfeeney.net/',30,NULL,1,'2019-01-06 21:04:31','1992-12-01 20:07:11'),(69,34,'http://nienow.com/',0,NULL,2,'1986-10-02 01:20:32','1992-12-18 06:08:08'),(70,2,'http://www.rohan.net/',164469658,NULL,2,'2016-10-17 12:20:31','2002-07-22 10:35:23'),(71,77,'http://www.swift.org/',0,NULL,4,'1998-12-30 12:18:24','2014-08-28 11:32:49'),(72,54,'http://www.rutherford.com/',51,NULL,3,'1999-11-19 14:29:15','2014-03-31 12:00:19'),(73,63,'http://ziemannmueller.biz/',0,NULL,1,'1971-10-19 22:48:27','1977-06-05 08:58:07'),(74,41,'http://www.cassin.biz/',346218632,NULL,3,'2018-09-25 19:00:39','2001-12-21 01:58:27'),(75,10,'http://bruen.com/',13183048,NULL,1,'1971-10-13 18:31:45','2000-12-27 10:44:37'),(76,66,'http://rohanmcclure.net/',9400,NULL,4,'1983-12-07 09:39:14','1988-10-31 08:03:36'),(77,78,'http://schuppeklocko.com/',46,NULL,1,'1984-05-16 09:18:23','2010-02-13 07:43:56'),(78,60,'http://carroll.com/',86,NULL,3,'1978-08-13 07:40:30','2018-05-07 23:38:58'),(79,3,'http://zulauf.com/',81,NULL,2,'2005-02-12 20:50:38','2016-01-27 07:31:56'),(80,58,'http://lindmayert.com/',31,NULL,4,'1983-04-29 11:23:11','1989-03-25 00:40:56'),(81,87,'http://wilkinson.com/',6,NULL,3,'1999-12-04 08:25:59','2010-04-04 09:03:15'),(82,24,'http://lockmanoconner.com/',8,NULL,4,'1994-10-31 14:05:16','2017-02-28 23:46:46'),(83,47,'http://schambergerrussel.info/',0,NULL,1,'1985-03-07 05:53:22','1970-07-21 10:32:39'),(84,18,'http://www.weber.net/',887185,NULL,4,'2008-07-26 05:40:11','1973-04-19 18:03:39'),(85,54,'http://www.oconnerrempel.com/',41854,NULL,1,'1975-05-13 12:38:47','1984-12-30 09:25:11'),(86,8,'http://www.oreilly.biz/',525038652,NULL,2,'2014-11-11 14:44:09','2015-03-07 05:34:39'),(87,20,'http://www.terry.biz/',4694,NULL,3,'2005-06-11 21:37:31','2011-10-23 00:44:48'),(88,84,'http://leannon.com/',276497,NULL,4,'2006-08-09 17:23:27','2006-08-24 13:41:33'),(89,64,'http://lesch.info/',7,NULL,1,'2020-07-28 15:02:56','1985-07-20 00:23:03'),(90,50,'http://www.schiller.com/',1,NULL,3,'1979-03-20 22:04:59','2016-05-09 07:20:54'),(91,43,'http://larkin.org/',878682325,NULL,1,'1998-10-28 23:02:29','1995-03-02 01:59:51'),(92,52,'http://www.moen.com/',285267859,NULL,1,'1974-05-14 12:49:26','1989-08-25 09:47:48'),(93,26,'http://pfannerstilllangosh.com/',0,NULL,1,'2015-08-04 06:12:38','1996-01-27 16:25:49'),(94,85,'http://fayrunte.com/',78397,NULL,2,'1974-12-29 14:21:08','2002-07-30 11:31:37'),(95,51,'http://labadie.biz/',0,NULL,2,'1980-07-19 03:34:27','1972-11-01 23:14:55'),(96,11,'http://www.rippin.info/',658,NULL,2,'1993-12-02 07:03:29','2004-04-08 15:57:27'),(97,99,'http://www.bergnaumjast.com/',9769203,NULL,2,'2010-11-29 20:42:40','1978-08-31 22:16:42'),(98,33,'http://osinskimurphy.com/',70258208,NULL,2,'1975-02-07 02:06:43','1992-07-14 11:35:25'),(99,56,'http://www.macejkovic.com/',6206298,NULL,3,'2006-06-20 17:36:34','2012-08-15 15:16:22'),(100,27,'http://www.padberg.info/',868016695,NULL,1,'1989-06-12 16:50:07','2000-06-05 18:21:24');
/*!40000 ALTER TABLE `media` ENABLE KEYS */;
UNLOCK TABLES;

--
-- Table structure for table `media_types`
--

DROP TABLE IF EXISTS `media_types`;
/*!40101 SET @saved_cs_client     = @@character_set_client */;
/*!50503 SET character_set_client = utf8mb4 */;
CREATE TABLE `media_types` (
  `id` int unsigned NOT NULL AUTO_INCREMENT COMMENT 'Идентификатор строки',
  `name` varchar(255) CHARACTER SET utf8 COLLATE utf8_unicode_ci NOT NULL COMMENT 'Название типа',
  `created_at` datetime DEFAULT CURRENT_TIMESTAMP COMMENT 'Время создания строки',
  `updated_at` datetime DEFAULT CURRENT_TIMESTAMP ON UPDATE CURRENT_TIMESTAMP COMMENT 'Время обновления строки',
  PRIMARY KEY (`id`),
  UNIQUE KEY `name` (`name`)
) ENGINE=InnoDB AUTO_INCREMENT=5 DEFAULT CHARSET=utf8 COLLATE=utf8_unicode_ci COMMENT='Типы медиафайлов';
/*!40101 SET character_set_client = @saved_cs_client */;

--
-- Dumping data for table `media_types`
--

LOCK TABLES `media_types` WRITE;
/*!40000 ALTER TABLE `media_types` DISABLE KEYS */;
INSERT INTO `media_types` VALUES (1,'music','1974-07-29 08:06:21','1992-12-03 22:34:10'),(2,'video','2006-12-22 03:40:42','1987-04-28 10:12:44'),(3,'clip','2016-12-23 09:36:16','1975-07-15 00:21:43'),(4,'photo','2011-03-23 13:29:24','2002-12-19 02:34:25');
/*!40000 ALTER TABLE `media_types` ENABLE KEYS */;
UNLOCK TABLES;

--
-- Table structure for table `messages`
--

DROP TABLE IF EXISTS `messages`;
/*!40101 SET @saved_cs_client     = @@character_set_client */;
/*!50503 SET character_set_client = utf8mb4 */;
CREATE TABLE `messages` (
  `id` int unsigned NOT NULL AUTO_INCREMENT COMMENT 'Идентификатор строки',
  `from_user_id` int unsigned NOT NULL COMMENT 'Ссылка на отправителя сообщения',
  `to_user_id` int unsigned NOT NULL COMMENT 'Ссылка на получателя сообщения',
  `body` text CHARACTER SET utf8 COLLATE utf8_unicode_ci NOT NULL COMMENT 'Текст сообщения',
  `is_important` tinyint(1) DEFAULT NULL COMMENT 'Признак важности',
  `is_delivered` tinyint(1) DEFAULT NULL COMMENT 'Признак доставки',
  `created_at` datetime DEFAULT CURRENT_TIMESTAMP COMMENT 'Время создания строки',
  PRIMARY KEY (`id`)
) ENGINE=InnoDB AUTO_INCREMENT=101 DEFAULT CHARSET=utf8 COLLATE=utf8_unicode_ci COMMENT='Сообщения';
/*!40101 SET character_set_client = @saved_cs_client */;

--
-- Dumping data for table `messages`
--

LOCK TABLES `messages` WRITE;
/*!40000 ALTER TABLE `messages` DISABLE KEYS */;
INSERT INTO `messages` VALUES (1,87,55,'Alice went on, taking first one side and up the little door: but, alas! the little golden key was too dark to see it written down: but I think I could, if I shall see it written down: but I think I.',1,1,'1976-05-19 21:53:03'),(2,35,15,'White Rabbit, trotting slowly back again, and made a snatch in the other: the Duchess and the others took the watch and looked at Alice, and tried to beat time when she turned the corner, but the.',0,0,'2002-03-31 15:14:04'),(3,74,6,'Alice to herself, \'Which way? Which way?\', holding her hand in hand, in couples: they were nowhere to be no sort of thing never happened, and now here I am in the face. \'I\'ll put a stop to this,\'.',1,1,'1993-09-13 11:21:36'),(4,61,49,'Alice. \'What sort of use in saying anything more till the puppy\'s bark sounded quite faint in the other: he came trotting along in a trembling voice:-- \'I passed by his garden, and I could say if I.',0,1,'1974-04-08 17:23:58'),(5,38,35,'I almost wish I\'d gone to see what this bottle does. I do so like that curious song about the twentieth time that day. \'A likely story indeed!\' said the Duchess, \'as pigs have to beat them off, and.',1,1,'2008-12-06 00:26:06'),(6,76,76,'What WILL become of it; then Alice, thinking it was all about, and make THEIR eyes bright and eager with many a strange tale, perhaps even with the tea,\' the March Hare, \'that \"I breathe when I was.',0,1,'1995-03-21 12:36:40'),(7,79,11,'Alice; \'it\'s laid for a great hurry; \'and their names were Elsie, Lacie, and Tillie; and they can\'t prove I did: there\'s no use denying it. I suppose I ought to be patted on the breeze that followed.',0,1,'2019-11-30 13:24:33'),(8,52,29,'Hatter: \'as the things between whiles.\' \'Then you keep moving round, I suppose?\' said Alice. \'That\'s very important,\' the King put on one knee. \'I\'m a poor man,\' the Hatter grumbled: \'you shouldn\'t.',0,1,'2015-09-01 01:53:00'),(9,61,43,'Why, she\'ll eat a bat?\' when suddenly, thump! thump! down she came upon a little glass box that was lying on the slate. \'Herald, read the accusation!\' said the others. \'We must burn the house before.',0,1,'1995-02-02 13:40:02'),(10,99,51,'Gryphon never learnt it.\' \'Hadn\'t time,\' said the Gryphon. \'Of course,\' the Gryphon answered, very nearly carried it off. \'If everybody minded their own business,\' the Duchess sneezed occasionally;.',1,0,'1995-08-19 06:42:22'),(11,92,91,'Alice. \'And be quick about it,\' added the Dormouse. \'Write that down,\' the King very decidedly, and there she saw in another moment it was not quite know what \"it\" means well enough, when I got up.',1,1,'1971-07-03 08:36:47'),(12,46,48,'Cat. \'I said pig,\' replied Alice; \'and I do wonder what was coming. It was so much frightened to say a word, but slowly followed her back to her: first, because the chimneys were shaped like the.',0,1,'1974-07-25 01:29:23'),(13,40,37,'Majesty,\' said the Mock Turtle. Alice was not a moment to think about stopping herself before she found she had brought herself down to nine inches high. CHAPTER VI. Pig and Pepper For a minute or.',0,1,'1984-04-18 14:10:55'),(14,34,72,'Christmas.\' And she began fancying the sort of chance of her head struck against the door, and knocked. \'There\'s no sort of chance of this, so that it seemed quite natural to Alice an excellent.',1,1,'2010-06-30 15:00:01'),(15,91,73,'THAT\'S all wrong, I\'m certain! I must be removed,\' said the Rabbit\'s voice along--\'Catch him, you by the officers of the window, and on it (as she had never forgotten that, if you drink much from a.',1,1,'1970-07-08 22:13:31'),(16,42,78,'March Hare. \'Yes, please do!\' pleaded Alice. \'And be quick about it,\' said Five, in a very deep well. Either the well was very provoking to find her in an offended tone, \'was, that the pebbles were.',0,1,'1997-01-11 12:55:23'),(17,27,76,'Dinn may be,\' said the Mouse. \'--I proceed. \"Edwin and Morcar, the earls of Mercia and Northumbria--\"\' \'Ugh!\' said the Mock Turtle sighed deeply, and began, in a long, low hall, which was lit up by.',0,1,'2000-02-06 09:08:34'),(18,92,1,'Pat, what\'s that in some book, but I think it so VERY much out of the officers: but the Rabbit was no label this time she had felt quite relieved to see that she still held the pieces of mushroom in.',1,1,'1974-01-30 13:02:12'),(19,82,53,'Edwin and Morcar, the earls of Mercia and Northumbria--\"\' \'Ugh!\' said the last word two or three pairs of tiny white kid gloves and the words all coming different, and then dipped suddenly down, so.',1,0,'2012-10-22 00:23:04'),(20,49,19,'Duchess sneezed occasionally; and as the Lory hastily. \'I thought it would,\' said the Caterpillar. Here was another puzzling question; and as the game was in livery: otherwise, judging by his face.',0,1,'2004-10-03 13:11:52'),(21,88,24,'At this moment Five, who had spoken first. \'That\'s none of YOUR adventures.\' \'I could tell you just now what the moral of that is--\"Birds of a sea of green leaves that lay far below her. \'What CAN.',1,1,'2000-12-12 09:31:26'),(22,94,67,'Caterpillar. Alice thought this a very melancholy voice. \'Repeat, \"YOU ARE OLD, FATHER WILLIAM,\"\' said the Cat. \'I said pig,\' replied Alice; \'and I do so like that curious song about the crumbs,\'.',0,1,'2009-01-31 04:37:39'),(23,35,45,'I can creep under the hedge. In another moment it was good practice to say a word, but slowly followed her back to the beginning again?\' Alice ventured to ask. \'Suppose we change the subject. \'Go on.',1,1,'1989-08-18 03:11:37'),(24,95,95,'Magpie began wrapping itself up and picking the daisies, when suddenly a footman because he was speaking, so that altogether, for the White Rabbit with pink eyes ran close by it, and talking over.',0,1,'2004-06-10 09:20:15'),(25,88,94,'Alice remarked. \'Right, as usual,\' said the Mock Turtle. \'She can\'t explain MYSELF, I\'m afraid, sir\' said Alice, very much to-night, I should think very likely to eat some of them even when they met.',0,1,'1997-07-27 05:28:03'),(26,46,79,'However, she soon found an opportunity of taking it away. She did not much surprised at her side. She was a table, with a great deal too flustered to tell me who YOU are, first.\' \'Why?\' said the.',1,1,'2006-08-19 09:55:05'),(27,84,91,'Alice, as she was considering in her brother\'s Latin Grammar, \'A mouse--of a mouse--to a mouse--a mouse--O mouse!\') The Mouse did not venture to go among mad people,\' Alice remarked. \'Oh, you.',1,1,'2020-10-12 16:47:59'),(28,26,24,'IS the same size for going through the little thing sat down at her feet, they seemed to be two people. \'But it\'s no use in crying like that!\' By this time she had to stoop to save her neck from.',1,1,'2015-01-24 14:18:37'),(29,28,60,'I can\'t show it you myself,\' the Mock Turtle interrupted, \'if you only kept on good terms with him, he\'d do almost anything you liked with the name again!\' \'I won\'t interrupt again. I dare say there.',1,1,'1993-10-23 08:28:45'),(30,95,19,'And here poor Alice in a tone of great relief. \'Call the next moment a shower of saucepans, plates, and dishes. The Duchess took her choice, and was looking up into a doze; but, on being pinched by.',0,0,'1974-06-23 15:26:56'),(31,32,37,'But I\'ve got to do,\' said Alice loudly. \'The idea of the March Hare. \'Sixteenth,\' added the Gryphon; and then hurried on, Alice started to her to carry it further. So she went hunting about, and.',0,1,'1977-03-24 20:44:43'),(32,96,59,'And the muscular strength, which it gave to my boy, I beat him when he finds out who I WAS when I was going to do it?\' \'In my youth,\' said the Queen, \'Really, my dear, I think?\' \'I had NOT!\' cried.',0,1,'1985-08-09 12:55:01'),(33,12,88,'Let me think: was I the same words as before, \'It\'s all his fancy, that: they never executes nobody, you know. Please, Ma\'am, is this New Zealand or Australia?\' (and she tried hard to whistle to it;.',1,1,'2007-08-08 10:29:48'),(34,60,93,'Hatter were having tea at it: a Dormouse was sitting on a three-legged stool in the wood, \'is to grow up again! Let me think: was I the same words as before, \'and things are \"much of a bottle. They.',0,0,'1976-09-16 10:42:44'),(35,41,9,'I get\" is the driest thing I ever saw in my size; and as he wore his crown over the jury-box with the end of the jurors were all crowded round it, panting, and asking, \'But who is to give the.',0,1,'2009-04-15 15:11:37'),(36,12,29,'Mouse in the house down!\' said the Rabbit\'s voice along--\'Catch him, you by the pope, was soon submitted to by all three dates on their backs was the matter worse. You MUST have meant some mischief,.',0,1,'1974-04-01 11:59:34'),(37,33,6,'Hatter was the BEST butter, you know.\' \'And what are YOUR shoes done with?\' said the Cat, and vanished again. Alice waited till she was quite pleased to find that her flamingo was gone across to the.',1,1,'2020-09-28 18:54:57'),(38,96,67,'Hatter, \'or you\'ll be asleep again before it\'s done.\' \'Once upon a neat little house, on the trumpet, and called out \'The Queen! The Queen!\' and the two sides of it, and burning with curiosity, she.',0,1,'1978-07-10 05:30:55'),(39,51,91,'Alice, \'and why it is almost certain to disagree with you, sooner or later. However, this bottle does. I do it again and again.\' \'You are not attending!\' said the March Hare. The Hatter looked at it.',1,1,'1986-06-30 18:59:52'),(40,62,38,'Majesty,\' the Hatter grumbled: \'you shouldn\'t have put it right; \'not that it would be as well to say which), and they lived at the door between us. For instance, if you wouldn\'t have come here.\'.',0,1,'1994-07-05 03:52:46'),(41,84,7,'Gryphon. \'Do you know that cats COULD grin.\' \'They all can,\' said the Mock Turtle. \'Hold your tongue!\' said the Footman. \'That\'s the first sentence in her life before, and she heard a little way.',1,0,'1983-09-03 02:47:38'),(42,17,68,'After a time there could be no sort of chance of this, so she set to work very carefully, nibbling first at one end to the voice of the jury had a little before she had tired herself out with his.',0,1,'2007-10-24 20:26:02'),(43,98,43,'Between yourself and me.\' \'That\'s the first figure,\' said the Rabbit coming to look for her, and the Queen\'s voice in the beautiful garden, among the leaves, which she concluded that it was neither.',0,1,'1971-06-06 23:32:18'),(44,91,26,'I think it was,\' the March Hare, \'that \"I breathe when I was a general clapping of hands at this: it was good manners for her neck would bend about easily in any direction, like a steam-engine when.',0,1,'1985-04-18 20:39:04'),(45,2,86,'Father William,\' the young Crab, a little bit of the e--e--evening, Beautiful, beautiful Soup!\' CHAPTER XI. Who Stole the Tarts? The King looked anxiously over his shoulder with some severity; \'it\'s.',0,1,'1998-08-13 22:29:27'),(46,44,34,'I say--that\'s the same thing a bit!\' said the Gryphon. \'Do you mean that you couldn\'t cut off a little shriek, and went on: \'But why did they draw the treacle from?\' \'You can draw water out of its.',1,1,'1999-02-01 18:35:01'),(47,22,40,'Duchess said in a more subdued tone, and added with a round face, and was going to remark myself.\' \'Have you seen the Mock Turtle went on. \'Or would you tell me, Pat, what\'s that in the pool, \'and.',0,1,'1991-12-21 00:57:40'),(48,92,33,'Footman went on so long since she had brought herself down to nine inches high. CHAPTER VI. Pig and Pepper For a minute or two she stood still where she was small enough to try the patience of an.',1,1,'1983-10-01 14:49:34'),(49,28,51,'Dormouse sulkily remarked, \'If you didn\'t like cats.\' \'Not like cats!\' cried the Gryphon. \'I mean, what makes them so often, you know.\' \'And what are they doing?\' Alice whispered to the garden door..',1,1,'1981-06-26 11:36:38'),(50,26,69,'PLEASE mind what you\'re talking about,\' said Alice. \'Why?\' \'IT DOES THE BOOTS AND SHOES.\' the Gryphon went on in the book,\' said the Duchess; \'and most things twinkled after that--only the March.',1,1,'2002-03-22 10:31:49'),(51,60,38,'It doesn\'t look like one, but it did not notice this last remark. \'Of course twinkling begins with an M--\' \'Why with an M--\' \'Why with an M?\' said Alice. \'And where HAVE my shoulders got to? And oh,.',1,1,'2018-02-20 06:24:01'),(52,98,92,'Mock Turtle, \'but if they do, why then they\'re a kind of rule, \'and vinegar that makes them so often, of course you know what it might tell her something about the temper of your nose-- What made.',1,1,'1996-04-19 10:46:53'),(53,43,93,'Queen was in a shrill, loud voice, and see what the flame of a water-well,\' said the Gryphon. \'I\'ve forgotten the Duchess to play croquet.\' Then they both cried. \'Wake up, Alice dear!\' said her.',1,1,'1977-06-21 23:37:18'),(54,58,93,'Caterpillar. \'Well, I can\'t tell you what year it is?\' \'Of course not,\' Alice cautiously replied: \'but I must be Mabel after all, and I don\'t like it, yer honour, at all, at all!\' \'Do as I do,\' said.',1,1,'1970-12-04 12:22:30'),(55,83,19,'I suppose I ought to be said. At last the Mouse, in a court of justice before, but she had read several nice little dog near our house I should think you\'ll feel it a little faster?\" said a timid.',0,1,'2018-02-08 09:31:42'),(56,31,67,'I am to see its meaning. \'And just as I do,\' said Alice in a great crowd assembled about them--all sorts of things--I can\'t remember half of fright and half of them--and it belongs to a farmer, you.',0,1,'1974-02-05 23:25:59'),(57,26,47,'I didn\'t know that Cheshire cats always grinned; in fact, I didn\'t know how to begin.\' He looked at poor Alice, \'when one wasn\'t always growing larger and smaller, and being so many lessons to.',0,1,'2011-08-29 00:16:53'),(58,34,23,'Rabbit say, \'A barrowful of WHAT?\' thought Alice; \'only, as it\'s asleep, I suppose you\'ll be telling me next that you never even introduced to a shriek, \'and just as well look and see how the game.',1,1,'1996-07-12 23:48:57'),(59,89,25,'She was moving them about as she ran. \'How surprised he\'ll be when he pleases!\' CHORUS. \'Wow! wow! wow!\' \'Here! you may SIT down,\' the King and the fan, and skurried away into the garden door. Poor.',0,1,'1972-02-08 15:29:25'),(60,49,91,'Alice \'without pictures or conversations?\' So she called softly after it, and on it in her brother\'s Latin Grammar, \'A mouse--of a mouse--to a mouse--a mouse--O mouse!\') The Mouse only shook its.',1,1,'1985-04-21 02:19:52'),(61,10,93,'I\'ll take no denial; We must have imitated somebody else\'s hand,\' said the Mouse, sharply and very nearly in the distance would take the hint; but the Dormouse shook its head impatiently, and walked.',1,1,'1975-07-23 20:01:59'),(62,24,32,'Gryphon at the thought that SOMEBODY ought to be managed? I suppose I ought to be seen: she found her head pressing against the door, staring stupidly up into the air. \'--as far out to be a very.',1,1,'2004-02-29 09:45:35'),(63,33,16,'And yet I don\'t put my arm round your waist,\' the Duchess said after a minute or two to think this a good deal until she made out the answer to it?\' said the Hatter. \'You might just as she left her,.',1,1,'1994-10-19 19:55:26'),(64,65,60,'Gryphon in an undertone, \'important--unimportant--unimportant--important--\' as if she could for sneezing. There was not going to turn into a tree. \'Did you say pig, or fig?\' said the Knave, \'I.',1,1,'1977-07-08 13:58:56'),(65,67,90,'I\'ve often seen them so often, of course had to stop and untwist it. After a time she heard a little startled when she found her way out. \'I shall be a person of authority among them, called out,.',0,1,'2002-01-27 07:55:26'),(66,29,26,'I don\'t like them!\' When the Mouse in the chimney as she left her, leaning her head made her draw back in a melancholy tone: \'it doesn\'t seem to be\"--or if you\'d like it very nice, (it had, in fact,.',0,1,'2016-12-05 06:19:51'),(67,28,26,'However, the Multiplication Table doesn\'t signify: let\'s try Geography. London is the use of repeating all that green stuff be?\' said Alice. \'Well, I shan\'t go, at any rate,\' said Alice: \'three.',0,1,'2016-02-05 15:50:20'),(68,17,70,'The great question certainly was, what? Alice looked at it uneasily, shaking it every now and then nodded. \'It\'s no business of MINE.\' The Queen had only one who had not the smallest notice of her.',1,1,'2014-10-10 04:19:38'),(69,19,74,'I\'ll kick you down stairs!\' \'That is not said right,\' said the King. \'It began with the time,\' she said to herself; \'the March Hare meekly replied. \'Yes, but I shall think nothing of tumbling down.',0,1,'1972-10-30 03:56:46'),(70,63,1,'Dinn may be,\' said the Pigeon; \'but if you\'ve seen them so shiny?\' Alice looked at the cook was leaning over the list, feeling very glad to find my way into a small passage, not much like keeping so.',1,1,'2015-09-12 04:49:31'),(71,93,94,'They all sat down again into its nest. Alice crouched down among the branches, and every now and then, if I only wish people knew that: then they wouldn\'t be so proud as all that.\' \'Well, it\'s got.',0,1,'1982-08-18 17:55:48'),(72,68,18,'King, going up to the garden door. Poor Alice! It was opened by another footman in livery came running out of sight, he said in a hoarse growl, \'the world would go anywhere without a moment\'s pause..',0,1,'1979-07-14 13:35:38'),(73,40,2,'I used--and I don\'t know where Dinn may be,\' said the Hatter, \'you wouldn\'t talk about trouble!\' said the Mock Turtle went on. \'Would you like the look of the creature, but on the glass table as.',0,1,'2011-01-25 18:31:31'),(74,41,29,'Alice had begun to think this a very hopeful tone though), \'I won\'t indeed!\' said the Caterpillar angrily, rearing itself upright as it can be,\' said the Mouse was swimming away from him, and said.',0,0,'1980-07-12 00:05:29'),(75,26,89,'Forty-two. ALL PERSONS MORE THAN A MILE HIGH TO LEAVE THE COURT.\' Everybody looked at it gloomily: then he dipped it into one of the mushroom, and crawled away in the trial done,\' she thought, \'it\'s.',0,1,'2018-09-03 17:56:40'),(76,19,36,'That WILL be a great crowd assembled about them--all sorts of things--I can\'t remember things as I was going on between the executioner, the King, looking round the court and got behind Alice as she.',0,1,'2000-03-13 20:54:26'),(77,81,43,'Wonderland, though she felt that it was as much right,\' said the Dodo. Then they both sat silent and looked at the March Hare, \'that \"I breathe when I learn music.\' \'Ah! that accounts for it,\' said.',1,1,'2019-12-01 12:33:00'),(78,67,14,'March Hare, \'that \"I breathe when I get SOMEWHERE,\' Alice added as an explanation. \'Oh, you\'re sure to do so. \'Shall we try another figure of the court. All this time she saw maps and pictures hung.',0,1,'2000-04-23 19:02:08'),(79,58,31,'Oh, my dear paws! Oh my fur and whiskers! She\'ll get me executed, as sure as ferrets are ferrets! Where CAN I have done that?\' she thought. \'But everything\'s curious today. I think I could, if I.',1,1,'1984-07-30 02:33:50'),(80,74,24,'While the Owl and the game was in managing her flamingo: she succeeded in getting its body tucked away, comfortably enough, under her arm, and timidly said \'Consider, my dear: she is such a capital.',1,1,'1985-01-01 08:23:05'),(81,21,2,'Mary Ann, and be turned out of his shrill little voice, the name again!\' \'I won\'t have any rules in particular; at least, if there are, nobody attends to them--and you\'ve no idea what you\'re talking.',0,1,'1983-07-13 09:53:47'),(82,49,48,'Alice after it, \'Mouse dear! Do come back and see that queer little toss of her hedgehog. The hedgehog was engaged in a confused way, \'Prizes! Prizes!\' Alice had no very clear notion how long ago.',1,1,'1994-01-10 15:43:46'),(83,28,66,'The hedgehog was engaged in a mournful tone, \'he won\'t do a thing before, and he wasn\'t one?\' Alice asked. \'We called him Tortoise because he taught us,\' said the Mouse. \'--I proceed. \"Edwin and.',0,1,'2016-04-19 23:17:23'),(84,18,46,'Said the mouse doesn\'t get out.\" Only I don\'t believe there\'s an atom of meaning in it,\' but none of my own. I\'m a hatter.\' Here the Dormouse shall!\' they both bowed low, and their curls got.',1,1,'2003-12-05 12:23:07'),(85,39,81,'Alice; \'but a grin without a moment\'s delay would cost them their lives. All the time it vanished quite slowly, beginning with the tarts, you know--\' (pointing with his head!\' she said, by way of.',0,1,'1971-02-20 18:13:16'),(86,47,31,'I tell you!\' But she went slowly after it: \'I never said I could shut up like a tunnel for some minutes. Alice thought to herself. At this moment the door of the way--\' \'THAT generally takes some.',1,1,'1979-07-13 18:52:32'),(87,74,14,'I know?\' said Alice, who felt ready to make out at all know whether it would make with the next thing was to eat her up in such confusion that she might as well as pigs, and was immediately.',0,1,'2009-09-26 10:38:31'),(88,49,14,'March Hare. \'Sixteenth,\' added the Gryphon; and then they both sat silent and looked very anxiously into its mouth again, and Alice was not quite like the Queen?\' said the White Rabbit, \'and that\'s.',1,1,'2009-03-17 15:16:01'),(89,15,89,'I should like it put more simply--\"Never imagine yourself not to her, though, as they used to read fairy-tales, I fancied that kind of serpent, that\'s all the things between whiles.\' \'Then you keep.',0,1,'1974-05-10 17:00:34'),(90,42,41,'Gryphon said to herself; \'his eyes are so VERY wide, but she could not think of anything to put the Dormouse denied nothing, being fast asleep. \'After that,\' continued the King. \'Shan\'t,\' said the.',0,1,'2010-11-09 13:57:18'),(91,78,61,'I suppose Dinah\'ll be sending me on messages next!\' And she went back to the Mock Turtle. \'Certainly not!\' said Alice doubtfully: \'it means--to--make--anything--prettier.\' \'Well, then,\' the Cat in a.',0,1,'2001-05-16 12:26:46'),(92,76,59,'I should understand that better,\' Alice said to the table for it, she found a little timidly: \'but it\'s no use in saying anything more till the Pigeon went on, \'you throw the--\' \'The lobsters!\'.',1,1,'1988-07-18 13:21:22'),(93,4,43,'Alice dear!\' said her sister; \'Why, what are YOUR shoes done with?\' said the Cat. \'--so long as there was mouth enough for it now, I suppose, by being drowned in my size; and as he spoke, and added.',0,1,'1998-04-21 20:06:44'),(94,72,61,'I can guess that,\' she added aloud. \'Do you play croquet with the tarts, you know--\' She had not long to doubt, for the Dormouse,\' thought Alice; \'but when you throw them, and considered a little of.',1,1,'2015-06-18 11:09:12'),(95,73,45,'Duchess, digging her sharp little chin into Alice\'s head. \'Is that the pebbles were all turning into little cakes as they all spoke at once, while all the rest of the garden: the roses growing on it.',0,1,'1991-08-24 19:31:41'),(96,85,94,'Dormouse,\' the Queen ordering off her head!\' Alice glanced rather anxiously at the stick, and tumbled head over heels in its hurry to change the subject. \'Go on with the Dormouse. \'Write that down,\'.',1,1,'1985-12-10 17:43:05'),(97,47,33,'I see\"!\' \'You might just as she could, for the rest of it in asking riddles that have no answers.\' \'If you can\'t be Mabel, for I know is, it would be offended again. \'Mine is a long way. So they.',1,1,'2009-05-05 16:44:31'),(98,41,74,'But they HAVE their tails in their mouths. So they sat down, and felt quite unhappy at the place of the others all joined in chorus, \'Yes, please do!\' pleaded Alice. \'And ever since that,\' the.',1,1,'1983-05-14 21:50:10'),(99,99,59,'Dormouse shook its head impatiently, and walked two and two, as the question was evidently meant for her. \'I wish I could not taste theirs, and the pool of tears which she concluded that it was.',0,1,'2006-06-18 00:03:50'),(100,19,37,'Alice thought this must ever be A secret, kept from all the rats and--oh dear!\' cried Alice (she was obliged to say \"HOW DOTH THE LITTLE BUSY BEE,\" but it makes rather a hard word, I will prosecute.',0,1,'1975-05-21 20:49:07');
/*!40000 ALTER TABLE `messages` ENABLE KEYS */;
UNLOCK TABLES;

--
-- Table structure for table `profiles`
--

DROP TABLE IF EXISTS `profiles`;
/*!40101 SET @saved_cs_client     = @@character_set_client */;
/*!50503 SET character_set_client = utf8mb4 */;
CREATE TABLE `profiles` (
  `user_id` int unsigned NOT NULL COMMENT 'Ссылка на пользователя',
  `gender` char(1) CHARACTER SET utf8 COLLATE utf8_unicode_ci NOT NULL COMMENT 'Пол',
  `birthday` date DEFAULT NULL COMMENT 'Дата рождения',
  `city` varchar(130) CHARACTER SET utf8 COLLATE utf8_unicode_ci DEFAULT NULL COMMENT 'Город проживания',
  `country` varchar(130) CHARACTER SET utf8 COLLATE utf8_unicode_ci DEFAULT NULL COMMENT 'Страна проживания',
  `created_at` datetime DEFAULT CURRENT_TIMESTAMP COMMENT 'Время создания строки',
  `updated_at` datetime DEFAULT CURRENT_TIMESTAMP ON UPDATE CURRENT_TIMESTAMP COMMENT 'Время обновления строки',
  PRIMARY KEY (`user_id`)
) ENGINE=InnoDB DEFAULT CHARSET=utf8 COLLATE=utf8_unicode_ci COMMENT='Профили';
/*!40101 SET character_set_client = @saved_cs_client */;

--
-- Dumping data for table `profiles`
--

LOCK TABLES `profiles` WRITE;
/*!40000 ALTER TABLE `profiles` DISABLE KEYS */;
INSERT INTO `profiles` VALUES (1,'f','2016-03-20','Kristyland','Dominican Republic','2000-12-29 10:48:34','1976-05-14 20:29:25'),(2,'f','1985-04-09','McCulloughport','Uruguay','1988-07-06 23:05:32','1991-06-08 09:44:49'),(3,'f','2007-12-08','Johnnyfurt','Nicaragua','1971-03-23 20:36:27','2012-05-28 00:39:26'),(4,'m','1995-07-23','Cummingsfort','Aruba','1975-08-21 11:37:17','1990-04-01 05:28:59'),(5,'m','1972-09-08','McKenziefort','Panama','2008-07-10 00:38:55','1999-04-22 00:34:57'),(6,'f','1972-05-17','New Craigshire','Burundi','2012-07-31 20:25:02','1976-07-26 12:26:32'),(7,'m','1971-02-24','North Simoneshire','Croatia','2004-07-08 01:30:33','1972-07-26 02:25:04'),(8,'m','1991-08-05','Lydiamouth','French Polynesia','2015-07-24 06:44:59','1987-07-21 19:39:31'),(9,'m','2011-08-29','Port Lexi','Micronesia','1998-06-09 17:51:45','1994-11-04 18:40:12'),(10,'f','1996-03-10','New Roberto','Turks and Caicos Islands','2016-02-12 02:25:11','2012-03-12 13:49:44'),(11,'m','2011-07-24','Marisamouth','Netherlands Antilles','2002-03-25 11:41:32','2011-11-04 22:33:37'),(12,'m','1997-11-24','Lake Douglas','Iraq','2000-10-06 00:35:31','2010-03-27 05:51:57'),(13,'f','1999-04-19','Kleinview','Bhutan','2006-02-27 08:44:29','1998-02-11 23:56:01'),(14,'f','1970-07-25','Zulaufmouth','Ghana','1980-03-01 11:34:16','1990-07-17 00:59:02'),(15,'f','2013-03-17','Blickfurt','Antarctica (the territory South of 60 deg S)','2017-09-17 02:14:43','2011-07-29 09:12:35'),(16,'f','2007-06-01','Lake Portershire','Jamaica','2003-03-22 19:39:07','1984-05-29 00:52:30'),(17,'m','1983-11-12','West Jimmyview','Mauritania','2012-09-08 07:34:14','1994-12-27 07:37:46'),(18,'f','1984-10-28','West Angela','Andorra','2003-05-08 06:52:43','1975-11-14 21:00:07'),(19,'m','2008-11-08','Port Okeyville','Netherlands','2015-04-26 06:51:53','1973-05-12 00:48:33'),(20,'f','1970-12-01','East Mallory','Myanmar','2003-06-12 08:33:27','1996-03-18 20:27:42'),(21,'m','1978-08-31','Wardbury','Barbados','2006-05-12 09:35:20','2018-04-01 00:16:23'),(22,'f','2003-02-19','East Ocie','Liechtenstein','2019-01-11 18:18:40','2008-12-05 22:07:27'),(23,'m','2000-12-07','Lake Annabelleville','Angola','2009-10-11 10:54:03','1970-07-20 12:27:22'),(24,'m','1991-07-21','North Rachel','Sierra Leone','1991-12-28 14:59:09','1990-04-26 17:49:15'),(25,'f','2007-08-02','South Deontae','South Georgia and the South Sandwich Islands','1988-07-16 11:19:45','1979-01-27 03:56:41'),(26,'f','2000-09-24','Lake Diegoton','Canada','1971-11-08 10:58:19','1979-06-09 16:32:33'),(27,'f','2018-12-02','Libbymouth','Western Sahara','2001-06-28 09:40:40','2014-07-14 19:31:52'),(28,'f','2009-04-27','Noemyfort','Madagascar','1991-01-24 08:54:01','2005-04-09 18:07:30'),(29,'m','2006-06-10','Verlieburgh','Morocco','2014-05-30 23:34:28','2004-09-16 21:35:30'),(30,'f','2013-12-01','East Jo','Guernsey','1993-11-20 10:47:28','1985-03-17 07:06:34'),(31,'f','2019-11-25','Eldaville','Barbados','1999-12-11 08:51:19','1988-12-01 01:46:06'),(32,'f','2018-05-15','Swiftport','Barbados','2016-02-07 18:16:33','1995-11-04 13:58:53'),(33,'f','1977-08-12','Douglasview','Costa Rica','1970-07-23 00:46:33','2012-11-12 00:42:13'),(34,'f','1987-05-29','Stehrton','Benin','1981-03-21 21:42:29','1982-11-20 12:48:09'),(35,'m','2008-07-06','Lake Orionfurt','Uganda','1991-03-16 04:34:59','1997-11-28 15:05:26'),(36,'f','1974-05-19','South Magnolia','Malaysia','1976-04-20 18:21:56','1989-07-05 21:33:17'),(37,'f','2015-02-21','Port Lea','Armenia','1973-06-08 01:05:25','2011-07-15 08:41:49'),(38,'m','2013-05-17','North Lilly','Colombia','2013-07-10 01:16:23','2005-07-27 11:31:57'),(39,'m','1985-04-08','New Isadore','Slovenia','1988-10-19 12:45:25','1994-03-02 07:07:07'),(40,'f','1974-11-03','Curtisbury','Bahrain','1986-01-14 11:15:57','2008-07-05 10:40:11'),(41,'m','2009-06-06','Hobartmouth','Guyana','1985-12-18 11:03:53','1989-05-11 18:55:55'),(42,'m','2014-10-18','East Zettaton','Iceland','1989-05-19 13:50:17','1990-05-27 05:56:07'),(43,'m','2018-04-01','South Maximostad','United Arab Emirates','2016-03-17 15:29:32','2000-12-04 10:48:26'),(44,'m','1972-08-23','Haleyland','Guinea-Bissau','1987-06-06 04:55:24','2012-04-17 22:25:36'),(45,'f','1976-05-27','North Eloyside','Korea','2016-08-02 07:10:33','2018-07-13 07:03:31'),(46,'m','2005-07-03','South Pansy','Mauritius','1974-04-20 09:45:20','2003-06-23 20:45:12'),(47,'m','1986-02-01','Lake Bellfurt','Saudi Arabia','1980-11-14 16:23:35','2009-01-12 09:33:54'),(48,'f','2016-11-13','Lake Marion','Cuba','1982-09-01 21:25:08','1997-06-10 02:09:04'),(49,'f','1998-07-01','New Camille','Netherlands','2008-03-05 20:50:22','1981-04-13 04:24:54'),(50,'m','2006-09-09','Alessiaview','Peru','2019-01-30 03:59:27','1990-04-26 10:43:56'),(51,'f','2008-09-18','Gusikowskimouth','Belarus','2009-11-17 20:37:47','1978-11-20 18:39:31'),(52,'m','1971-08-20','North Issacview','Croatia','1987-05-09 17:08:34','1990-05-05 04:59:32'),(53,'f','1970-09-13','West Lizafurt','Congo','1977-07-07 09:43:26','1970-06-29 17:50:37'),(54,'f','2006-01-01','West Cassandrehaven','Cuba','1994-07-21 00:49:50','2019-11-17 08:58:49'),(55,'f','1978-04-07','East Llewellyn','Botswana','1998-08-30 05:11:50','1990-01-22 09:36:59'),(56,'f','1973-07-23','New Krystinaville','Switzerland','1981-11-06 04:23:25','1994-11-13 09:54:44'),(57,'f','1977-11-21','Juanitatown','Czech Republic','2014-07-09 07:23:11','1985-06-15 18:57:33'),(58,'f','1988-04-11','West Cielo','Burundi','1994-04-15 04:32:00','1977-07-12 21:53:28'),(59,'m','1974-07-22','Windlershire','Angola','1990-10-03 13:51:06','2013-03-29 11:09:11'),(60,'m','1996-10-13','Lake Etha','Mexico','1975-09-27 12:27:55','1999-07-28 15:45:50'),(61,'f','1997-07-22','North Estellbury','Zimbabwe','1983-11-15 04:05:32','1997-06-17 02:04:49'),(62,'m','2002-12-04','West Elmofurt','Egypt','1983-02-16 17:31:23','2005-05-12 00:43:46'),(63,'m','1987-05-15','North Joshville','United Kingdom','1977-07-28 14:53:50','1970-12-20 01:05:47'),(64,'m','1972-03-07','McCluremouth','Jordan','2004-07-29 03:20:46','1988-05-02 23:32:35'),(65,'m','2000-05-15','Jadeton','Cuba','2001-03-23 20:19:43','2004-03-04 02:56:28'),(66,'f','1993-10-30','Port Stephania','Libyan Arab Jamahiriya','1980-03-20 05:16:23','1970-01-29 02:01:24'),(67,'m','2013-05-04','North Sallie','Cambodia','2018-02-17 19:43:14','1973-05-14 23:26:01'),(68,'f','1976-05-04','West Magdalen','Guam','1988-12-15 16:54:41','1999-03-11 22:11:06'),(69,'m','2000-12-29','South Garryborough','Uganda','2018-07-07 23:16:18','1989-06-19 03:19:08'),(70,'m','1994-01-21','New Dameon','Eritrea','1997-03-03 20:57:38','1994-11-04 21:22:52'),(71,'f','2018-07-15','New Abby','Tokelau','2012-04-02 23:14:40','1991-07-22 19:37:17'),(72,'m','1988-02-15','Bransonmouth','Grenada','2016-09-21 23:05:57','1978-07-20 09:36:30'),(73,'m','1983-07-14','New Aida','Cote d\'Ivoire','1972-02-02 08:59:01','2001-12-22 19:49:34'),(74,'f','1983-10-17','McLaughlinville','Ireland','1989-02-01 01:27:01','1989-06-15 07:04:17'),(75,'f','1995-12-16','Mylesville','Yemen','1978-10-03 03:09:31','2014-05-15 02:31:03'),(76,'m','1977-10-15','Watersville','Christmas Island','1997-03-23 10:05:35','1982-03-13 02:58:09'),(77,'f','2002-08-10','Daremouth','Austria','2019-04-23 22:29:19','1985-08-21 15:03:51'),(78,'m','2005-12-16','New Ayanatown','Chile','1974-04-19 02:00:51','1983-10-07 20:55:56'),(79,'f','1977-05-21','West Sheilaville','Bolivia','1985-09-19 19:03:43','1994-03-16 23:07:21'),(80,'f','2017-06-27','Izabellaside','Uganda','2007-11-30 06:17:52','2007-03-03 06:51:04'),(81,'f','1992-07-10','Itzelshire','Antigua and Barbuda','1976-02-01 08:59:19','2003-02-07 12:44:05'),(82,'m','1993-08-01','Bartolettitown','Italy','1977-11-04 16:59:56','1980-09-16 11:50:24'),(83,'f','1996-09-06','McGlynnview','Tunisia','1970-04-11 15:54:59','1972-10-02 02:22:36'),(84,'m','1997-07-31','East Sid','Spain','2007-04-21 18:32:29','1992-07-10 05:41:32'),(85,'f','1982-04-24','South Danburgh','Iran','1994-06-11 07:30:28','1996-04-09 18:29:39'),(86,'f','1972-05-14','North Claud','Bouvet Island (Bouvetoya)','2002-12-05 04:07:29','1988-11-30 12:50:36'),(87,'f','2004-09-05','Garnettstad','China','1990-03-30 11:52:00','2002-04-12 12:45:52'),(88,'f','2013-08-29','West Kiaraberg','Andorra','1997-07-06 02:31:34','1977-06-14 18:11:57'),(89,'f','1979-02-17','North Lon','Kiribati','1977-08-07 00:03:39','1971-12-30 23:40:30'),(90,'m','2005-09-09','Seanfurt','Albania','1979-03-29 15:39:03','2003-02-01 07:43:43'),(91,'f','1978-10-18','Port Linatown','Paraguay','1992-12-19 18:02:31','2015-06-24 09:49:03'),(92,'f','1991-03-12','Bahringerfurt','Ethiopia','1996-03-13 20:29:45','1983-07-27 13:14:51'),(93,'f','2013-12-15','Schimmelton','Tajikistan','2006-08-07 23:53:24','2002-04-15 04:13:56'),(94,'m','2012-12-23','Garnettview','Germany','1998-11-15 16:04:27','2017-10-30 10:43:50'),(95,'f','2018-10-19','Sethfurt','Lesotho','2005-09-26 00:29:24','1994-05-07 01:41:19'),(96,'f','2003-12-07','Port Orlandmouth','Canada','1993-10-01 13:07:17','1983-09-26 20:35:14'),(97,'m','1976-03-04','Lake Drew','Indonesia','2009-11-09 03:32:27','1985-01-25 03:32:56'),(98,'m','2012-05-25','East Olaf','Saint Martin','1985-05-23 19:56:40','1972-09-25 06:00:34'),(99,'f','2015-05-04','Gottliebmouth','Spain','2013-03-14 14:10:34','2017-11-08 00:57:17'),(100,'f','1988-05-03','South Kayaton','Saint Martin','2009-04-18 15:53:08','1986-11-17 11:50:17');
/*!40000 ALTER TABLE `profiles` ENABLE KEYS */;
UNLOCK TABLES;

--
-- Table structure for table `users`
--

DROP TABLE IF EXISTS `users`;
/*!40101 SET @saved_cs_client     = @@character_set_client */;
/*!50503 SET character_set_client = utf8mb4 */;
CREATE TABLE `users` (
  `id` int unsigned NOT NULL AUTO_INCREMENT COMMENT 'Идентификатор строки',
  `first_name` varchar(100) CHARACTER SET utf8 COLLATE utf8_unicode_ci NOT NULL COMMENT 'Имя пользователя',
  `last_name` varchar(100) CHARACTER SET utf8 COLLATE utf8_unicode_ci NOT NULL COMMENT 'Фамилия пользователя',
  `email` varchar(100) CHARACTER SET utf8 COLLATE utf8_unicode_ci NOT NULL COMMENT 'Почта',
  `phone` varchar(100) CHARACTER SET utf8 COLLATE utf8_unicode_ci NOT NULL COMMENT 'Телефон',
  `created_at` datetime DEFAULT CURRENT_TIMESTAMP COMMENT 'Время создания строки',
  `updated_at` datetime DEFAULT CURRENT_TIMESTAMP ON UPDATE CURRENT_TIMESTAMP COMMENT 'Время обновления строки',
  PRIMARY KEY (`id`),
  UNIQUE KEY `email` (`email`),
  UNIQUE KEY `phone` (`phone`)
) ENGINE=InnoDB AUTO_INCREMENT=101 DEFAULT CHARSET=utf8 COLLATE=utf8_unicode_ci COMMENT='Пользователи';
/*!40101 SET character_set_client = @saved_cs_client */;

--
-- Dumping data for table `users`
--

LOCK TABLES `users` WRITE;
/*!40000 ALTER TABLE `users` DISABLE KEYS */;
INSERT INTO `users` VALUES (1,'Felicia','Daugherty','boyle.treva@yahoo.com','545.518.1217','2017-03-21 21:38:02','2011-08-21 06:20:02'),(2,'Lourdes','Rice','leannon.pascale@gmail.com','241.896.9807x6372','2015-08-31 15:22:17','2018-05-26 19:37:15'),(3,'Cody','Krajcik','rkeebler@gmail.com','843.744.6873x39101','2013-09-20 13:14:28','2017-03-06 07:12:46'),(4,'Zella','Torp','beulah.tromp@hotmail.com','02868830195','2013-01-04 06:45:05','2016-12-29 15:14:00'),(5,'Johnathon','Beier','ldenesik@hotmail.com','01392247138','2016-03-11 00:07:16','2016-09-26 17:01:16'),(6,'Stuart','Smitham','nmayer@yahoo.com','1-059-750-7282x304','2012-05-02 14:31:15','2020-03-03 00:06:48'),(7,'Linnie','Hahn','aidan.fisher@yahoo.com','1-179-695-5298x52298','2011-09-26 15:42:59','2014-10-07 19:57:20'),(8,'Aubrey','Greenholt','conn.maryam@hotmail.com','1-043-427-4308x4177','2012-07-04 13:51:59','2014-04-15 21:30:58'),(9,'Thora','Farrell','mable.jast@gmail.com','1-214-111-9317','2017-10-08 04:12:40','2012-02-12 16:03:04'),(10,'Keon','Stoltenberg','lang.mason@yahoo.com','1-607-898-1443x2977','2012-11-19 15:19:33','2015-12-25 03:20:24'),(11,'Zelda','Shields','eileen.senger@yahoo.com','(670)584-6904','2015-06-02 16:59:04','2012-08-23 06:31:37'),(12,'Dylan','Balistreri','rita.mante@gmail.com','1-429-084-2462','2020-10-09 10:48:08','2014-12-18 15:08:57'),(13,'Triston','Rohan','qortiz@gmail.com','1-472-843-4846','2011-01-18 03:34:56','2018-05-17 16:59:28'),(14,'Dereck','Hodkiewicz','john42@gmail.com','609.986.8874x62366','2014-07-25 17:09:36','2014-12-10 16:04:49'),(15,'Rebekah','Rolfson','meta.becker@gmail.com','1-917-066-0118x8199','2013-12-02 11:06:14','2015-05-11 13:03:56'),(16,'Alyce','Runte','rose.greenfelder@yahoo.com','396.249.7767','2012-11-24 15:54:43','2017-06-07 09:34:24'),(17,'Sibyl','Wunsch','lgutmann@gmail.com','(042)677-6331','2018-10-05 04:24:15','2017-12-29 17:16:51'),(18,'Ayana','Botsford','lreichel@yahoo.com','436-381-2554x833','2013-05-23 15:45:58','2015-07-01 01:52:09'),(19,'Kaycee','King','nelle.renner@hotmail.com','1-515-878-0876x494','2018-06-14 08:51:03','2015-01-12 03:58:36'),(20,'Emmet','O\'Reilly','satterfield.skyla@yahoo.com','1-667-945-2897x83830','2019-12-20 20:44:22','2013-03-11 15:37:49'),(21,'Delilah','Bayer','aquitzon@hotmail.com','1-539-145-0464','2017-07-03 04:32:47','2018-03-28 20:16:49'),(22,'Alanis','Wolf','waelchi.gretchen@yahoo.com','643-723-4597x33532','2020-01-13 16:23:37','2016-12-17 05:18:21'),(23,'Palma','Pagac','ksmitham@gmail.com','(855)148-1024x7148','2018-01-17 17:21:45','2017-03-14 05:22:13'),(24,'Zelma','Wolff','orn.jordan@yahoo.com','962-237-6260x846','2017-10-14 20:55:53','2012-07-14 08:03:11'),(25,'Urban','Haag','imelda17@hotmail.com','714-694-5091x9149','2011-09-26 17:59:29','2017-09-03 01:33:45'),(26,'Jalen','Wehner','vlegros@hotmail.com','983-091-9188x99945','2015-08-16 13:27:41','2015-05-03 14:11:47'),(27,'Israel','Dietrich','tillman72@hotmail.com','(125)727-8244x27592','2011-06-11 02:50:40','2018-08-13 00:50:29'),(28,'Reta','Haley','pablo59@gmail.com','05568267916','2012-07-27 07:22:25','2014-06-29 21:34:31'),(29,'Maurine','Fay','yraynor@yahoo.com','00809804385','2019-09-17 17:57:50','2020-03-09 10:54:52'),(30,'Catalina','Bednar','satterfield.cicero@hotmail.com','213-073-8132','2014-08-19 19:35:17','2017-03-30 11:45:27'),(31,'Nadia','Ebert','stefanie32@hotmail.com','(882)127-7254x472','2016-04-22 19:06:05','2015-08-19 13:48:44'),(32,'Jacklyn','Hilpert','cronin.christian@hotmail.com','501-833-8434','2012-06-08 02:07:12','2017-09-07 11:28:47'),(33,'Elias','Swift','slegros@yahoo.com','256.063.8203','2016-10-09 20:57:37','2020-02-26 03:01:21'),(34,'Madie','Armstrong','rosalind79@yahoo.com','685.765.4627x80843','2016-11-04 12:38:25','2011-01-16 09:53:50'),(35,'Savanah','Williamson','roxanne.konopelski@gmail.com','201-468-5991x81713','2016-06-29 05:08:34','2018-09-27 08:55:10'),(36,'Lottie','Schaefer','marge15@gmail.com','(253)721-2358','2014-01-21 08:01:18','2020-04-13 14:35:17'),(37,'Kiel','Mitchell','damian.strosin@gmail.com','1-824-262-5106x9232','2017-09-06 18:44:03','2012-10-27 20:00:59'),(38,'Kaci','Haag','mallory47@gmail.com','158-867-9872','2013-03-11 01:31:25','2020-08-08 03:54:10'),(39,'Dino','Pagac','glover.erwin@yahoo.com','614.744.8137','2019-02-01 04:26:21','2013-04-29 15:07:54'),(40,'Verlie','Conn','mklein@gmail.com','1-262-290-4034x6536','2017-07-11 05:36:32','2014-02-20 17:26:26'),(41,'Otho','Emard','sflatley@yahoo.com','+79(8)4697883446','2014-01-05 16:19:05','2019-03-07 02:22:16'),(42,'Pattie','Haley','huels.lane@yahoo.com','094-142-3640x57025','2014-03-02 05:03:53','2019-07-31 02:13:21'),(43,'Marcus','Marks','ldickens@yahoo.com','437.858.6319','2017-05-01 07:02:54','2012-07-06 05:21:35'),(44,'Tracy','Reichert','lkutch@yahoo.com','(936)612-4664','2017-03-13 21:31:36','2014-06-03 16:37:11'),(45,'Brown','Hahn','frank93@yahoo.com','(649)621-6414','2018-02-17 09:00:04','2016-01-06 21:31:37'),(46,'Lea','Haley','olga75@yahoo.com','945-665-9782x5337','2020-02-14 22:08:47','2012-06-19 08:57:04'),(47,'Ashly','Prosacco','josie.smith@yahoo.com','659-299-2111x16129','2011-04-05 18:45:03','2012-11-14 23:34:27'),(48,'Camryn','Crona','terrence.wyman@gmail.com','426.854.7183x44646','2016-06-27 21:50:27','2020-09-29 08:34:16'),(49,'Jeanette','Beier','audie80@yahoo.com','193-551-3666','2011-02-07 00:37:10','2012-03-18 09:01:11'),(50,'Dayna','Gottlieb','vaughn.white@hotmail.com','1-039-595-8314x22082','2012-09-13 15:09:11','2020-04-08 01:49:04'),(51,'Juvenal','Conroy','nitzsche.macey@yahoo.com','(242)777-3657x001','2015-10-18 02:19:45','2013-04-05 21:54:44'),(52,'Abner','Watsica','darwin65@yahoo.com','(945)773-8484x841','2018-10-19 18:42:52','2014-04-24 14:49:12'),(53,'Damion','Kuhic','barton.robert@gmail.com','+93(7)5667882590','2014-09-17 10:12:52','2016-03-26 11:14:00'),(54,'Hettie','Gerlach','darwin22@gmail.com','222-763-0074x5146','2016-05-17 05:56:42','2014-09-24 03:30:57'),(55,'Angeline','Friesen','medhurst.adam@hotmail.com','+79(2)8272212011','2018-10-24 07:43:18','2019-07-26 01:38:13'),(56,'Electa','Considine','chowell@yahoo.com','(782)979-1634','2019-11-03 14:41:40','2013-08-12 06:33:18'),(57,'Harold','Collins','oberbrunner.amara@yahoo.com','460.797.1057','2020-02-11 10:48:39','2015-01-24 20:33:20'),(58,'Gideon','Brown','littel.clementine@gmail.com','1-735-811-0846x197','2020-07-24 00:04:55','2012-03-09 00:41:32'),(59,'Noemie','Doyle','jazmyn11@gmail.com','05300585477','2011-10-31 17:57:07','2017-02-05 02:44:49'),(60,'Haven','Bechtelar','marlen.dibbert@hotmail.com','900.971.8523','2020-03-27 06:47:41','2016-10-02 05:33:46'),(61,'Oscar','McLaughlin','larson.raymond@hotmail.com','05076191924','2014-08-16 06:19:36','2012-08-02 10:43:45'),(62,'Reese','Runte','yhalvorson@hotmail.com','1-202-847-0127x39675','2019-07-22 15:48:34','2019-08-24 21:37:06'),(63,'Catalina','Reichel','kasandra74@hotmail.com','+21(2)3560579360','2011-12-19 18:27:20','2019-12-20 18:32:54'),(64,'Allan','Rogahn','pbernhard@hotmail.com','256-197-5350x980','2017-11-24 20:23:38','2019-12-18 11:56:35'),(65,'Lucio','Block','larkin.shayne@yahoo.com','1-330-772-8602x5472','2011-02-24 09:00:16','2012-07-26 20:02:46'),(66,'Jade','Flatley','brown.joesph@gmail.com','(142)491-9074','2011-11-30 16:31:34','2014-04-29 20:42:48'),(67,'Samanta','Emmerich','ibayer@yahoo.com','09011779989','2013-10-21 23:14:40','2017-12-04 09:22:15'),(68,'Adela','Abshire','carmel81@gmail.com','1-146-186-2028','2011-06-21 12:35:43','2011-04-16 21:00:25'),(69,'Ernesto','Grant','joannie58@hotmail.com','086.090.3818x859','2012-03-04 15:35:09','2018-12-29 20:52:10'),(70,'Brennan','Schamberger','cyril77@yahoo.com','06175986891','2018-07-04 14:27:16','2014-11-15 02:57:10'),(71,'Flavie','Tromp','abraun@yahoo.com','851.186.1245','2013-01-09 00:56:15','2020-06-18 16:27:27'),(72,'Guido','Zemlak','schmeler.judson@hotmail.com','1-545-271-3614','2019-01-19 01:51:01','2012-11-09 00:48:52'),(73,'Vergie','Grant','gwilliamson@hotmail.com','04352203525','2013-08-15 03:19:45','2017-04-24 20:13:01'),(74,'Salvatore','Gerlach','kuhic.kayla@yahoo.com','978-243-7123x575','2015-08-06 18:17:12','2014-03-25 07:46:00'),(75,'Tom','Gleichner','kemmer.ariel@hotmail.com','07898139155','2017-10-14 23:11:41','2018-11-09 03:26:02'),(76,'Katlynn','Schuppe','alexys.daugherty@hotmail.com','434-084-9977x5220','2012-08-22 08:10:42','2020-07-20 06:58:15'),(77,'Odessa','Larson','gcummings@hotmail.com','+10(0)7544185765','2017-03-31 01:45:20','2011-03-12 02:06:52'),(78,'Carole','Fadel','willms.oscar@hotmail.com','926-669-0016x264','2018-09-30 02:41:08','2020-06-09 08:10:37'),(79,'Isac','Howell','desiree.cremin@yahoo.com','535.626.1115','2017-11-07 04:43:30','2015-07-17 03:12:49'),(80,'Augusta','Larkin','jules.fritsch@hotmail.com','01245864100','2012-03-03 21:58:44','2018-04-26 06:53:31'),(81,'Ariane','Reinger','charles.doyle@gmail.com','609.951.1914','2013-07-20 10:05:04','2016-08-27 00:51:47'),(82,'Zula','Lemke','hammes.verla@gmail.com','(078)922-7597','2019-02-17 17:03:48','2015-03-01 13:24:19'),(83,'Mylene','Pacocha','owen.graham@yahoo.com','1-104-122-2099','2011-11-05 09:19:31','2016-11-24 19:05:21'),(84,'Myrl','D\'Amore','lucio.ward@hotmail.com','+86(9)0672377902','2017-05-13 21:26:12','2012-07-24 17:32:48'),(85,'Steve','Rolfson','pschmidt@hotmail.com','(619)941-2045','2019-02-13 12:56:48','2020-03-04 15:15:38'),(86,'Arvilla','Lynch','rhettinger@gmail.com','026-518-6379x47915','2019-12-08 23:19:31','2019-10-21 06:26:45'),(87,'Margie','Johns','cmorar@yahoo.com','992-807-2555x2055','2014-02-01 17:25:07','2011-11-27 17:38:44'),(88,'Noemie','Weissnat','nabbott@gmail.com','(601)091-8493x966','2011-10-25 14:24:58','2015-05-16 22:13:54'),(89,'Antonio','Streich','istracke@gmail.com','(591)824-4636x71567','2011-02-04 02:04:50','2015-09-08 03:11:22'),(90,'Madonna','Beier','twillms@gmail.com','(001)090-1388','2020-04-25 21:20:40','2012-02-27 16:23:16'),(91,'Ernesto','Heller','reynolds.aida@yahoo.com','1-394-058-9039x00838','2016-06-02 21:41:24','2011-10-01 12:58:28'),(92,'Kaia','Wilderman','darian38@hotmail.com','(961)246-0748','2019-05-16 06:42:23','2018-12-07 11:06:34'),(93,'Edyth','Jakubowski','nova62@yahoo.com','(612)723-7460x114','2019-07-07 21:58:32','2015-05-22 08:31:18'),(94,'Tatum','Bashirian','martin11@yahoo.com','(966)647-9327x91739','2019-11-11 19:54:26','2020-09-22 18:51:59'),(95,'Donavon','Hegmann','emelia83@gmail.com','01964215793','2018-04-05 10:41:21','2015-11-19 03:33:48'),(96,'Precious','Nicolas','enicolas@gmail.com','+06(9)8551747765','2017-11-13 16:25:15','2016-05-18 20:12:09'),(97,'Patricia','Brakus','spinka.garth@hotmail.com','327.631.2403x9902','2013-09-11 03:04:10','2013-01-29 21:16:16'),(98,'Leatha','Howell','bobbie.jacobson@yahoo.com','+44(1)9039091277','2011-05-22 18:04:42','2014-02-10 04:05:47'),(99,'Eldora','Mosciski','powlowski.mohamed@gmail.com','534-573-3437x0454','2012-11-12 09:29:39','2018-08-30 16:39:24'),(100,'Orlo','Gleason','bednar.pierce@hotmail.com','269.878.5862','2012-10-22 14:24:19','2014-03-16 23:00:59');
/*!40000 ALTER TABLE `users` ENABLE KEYS */;
UNLOCK TABLES;
/*!40103 SET TIME_ZONE=@OLD_TIME_ZONE */;

/*!40101 SET SQL_MODE=@OLD_SQL_MODE */;
/*!40014 SET FOREIGN_KEY_CHECKS=@OLD_FOREIGN_KEY_CHECKS */;
/*!40014 SET UNIQUE_CHECKS=@OLD_UNIQUE_CHECKS */;
/*!40101 SET CHARACTER_SET_CLIENT=@OLD_CHARACTER_SET_CLIENT */;
/*!40101 SET CHARACTER_SET_RESULTS=@OLD_CHARACTER_SET_RESULTS */;
/*!40101 SET COLLATION_CONNECTION=@OLD_COLLATION_CONNECTION */;
/*!40111 SET SQL_NOTES=@OLD_SQL_NOTES */;

-- Dump completed on 2020-11-10 23:24:37
