-- MySQL dump 10.13  Distrib 8.0.22, for Linux (x86_64)
--
-- Host: localhost    Database: vk
-- ------------------------------------------------------
-- Server version	8.0.22-0ubuntu0.20.04.3

/*!40101 SET @OLD_CHARACTER_SET_CLIENT=@@CHARACTER_SET_CLIENT */;
/*!40101 SET @OLD_CHARACTER_SET_RESULTS=@@CHARACTER_SET_RESULTS */;
/*!40101 SET @OLD_COLLATION_CONNECTION=@@COLLATION_CONNECTION */;
/*!50503 SET NAMES utf8mb4 */;
/*!40103 SET @OLD_TIME_ZONE=@@TIME_ZONE */;
/*!40103 SET TIME_ZONE='+00:00' */;
/*!40014 SET @OLD_UNIQUE_CHECKS=@@UNIQUE_CHECKS, UNIQUE_CHECKS=0 */;
/*!40014 SET @OLD_FOREIGN_KEY_CHECKS=@@FOREIGN_KEY_CHECKS, FOREIGN_KEY_CHECKS=0 */;
/*!40101 SET @OLD_SQL_MODE=@@SQL_MODE, SQL_MODE='NO_AUTO_VALUE_ON_ZERO' */;
/*!40111 SET @OLD_SQL_NOTES=@@SQL_NOTES, SQL_NOTES=0 */;

--
-- Table structure for table `communities`
--

DROP TABLE IF EXISTS `communities`;
/*!40101 SET @saved_cs_client     = @@character_set_client */;
/*!50503 SET character_set_client = utf8mb4 */;
CREATE TABLE `communities` (
  `id` int unsigned NOT NULL AUTO_INCREMENT COMMENT 'Идентификатор сроки',
  `name` varchar(150) CHARACTER SET utf8 COLLATE utf8_unicode_ci NOT NULL COMMENT 'Название группы',
  `created_at` datetime DEFAULT CURRENT_TIMESTAMP COMMENT 'Время создания строки',
  `updated_at` datetime DEFAULT CURRENT_TIMESTAMP ON UPDATE CURRENT_TIMESTAMP COMMENT 'Время обновления строки',
  PRIMARY KEY (`id`),
  UNIQUE KEY `name` (`name`)
) ENGINE=InnoDB AUTO_INCREMENT=21 DEFAULT CHARSET=utf8 COLLATE=utf8_unicode_ci COMMENT='Группы';
/*!40101 SET character_set_client = @saved_cs_client */;

--
-- Dumping data for table `communities`
--

LOCK TABLES `communities` WRITE;
/*!40000 ALTER TABLE `communities` DISABLE KEYS */;
INSERT INTO `communities` VALUES (1,'fugit','2020-11-06 02:42:40','2020-11-17 22:45:44'),(2,'omnis','1991-09-18 02:32:35','2009-04-05 04:46:36'),(3,'veniam','1973-02-09 00:26:52','1978-02-05 18:19:57'),(4,'vel','1976-04-09 19:22:40','1980-07-18 04:52:02'),(5,'soluta','1985-09-14 22:51:01','1994-07-30 03:07:12'),(6,'iste','1974-02-12 18:53:26','2018-06-02 02:56:13'),(7,'laudantium','1978-06-19 12:10:47','2020-11-17 22:45:44'),(8,'autem','2011-09-24 08:11:29','2020-10-11 16:49:34'),(9,'voluptatum','1987-10-23 06:36:08','1994-03-24 10:12:56'),(10,'temporibus','2000-02-01 08:26:24','2020-11-17 22:45:44'),(11,'eaque','2001-07-17 03:58:32','2020-11-17 22:45:44'),(12,'ut','1996-07-10 03:32:24','2020-11-17 22:45:44'),(13,'dolor','1994-02-27 07:45:27','2006-01-01 09:47:56'),(14,'culpa','1984-03-29 19:35:19','2020-11-17 22:45:44'),(15,'cumque','1976-06-24 23:33:30','1999-09-29 16:26:27'),(16,'esse','2003-01-07 08:23:58','2020-11-17 22:45:44'),(17,'repellat','2005-11-17 12:12:25','2020-11-17 22:45:44'),(18,'maxime','1970-05-28 16:38:40','2002-01-18 15:14:33'),(19,'nam','1999-02-11 19:06:49','2000-04-15 21:23:25'),(20,'voluptatem','1983-09-22 04:46:29','1991-03-20 18:01:08');
/*!40000 ALTER TABLE `communities` ENABLE KEYS */;
UNLOCK TABLES;

--
-- Table structure for table `communities_users`
--

DROP TABLE IF EXISTS `communities_users`;
/*!40101 SET @saved_cs_client     = @@character_set_client */;
/*!50503 SET character_set_client = utf8mb4 */;
CREATE TABLE `communities_users` (
  `community_id` int unsigned NOT NULL COMMENT 'Ссылка на группу',
  `user_id` int unsigned NOT NULL COMMENT 'Ссылка на пользователя',
  `created_at` datetime DEFAULT CURRENT_TIMESTAMP COMMENT 'Время создания строки',
  PRIMARY KEY (`community_id`,`user_id`) COMMENT 'Составной первичный ключ',
  KEY `communities_users_user_id_fk` (`user_id`),
  CONSTRAINT `communities_users_community_id_fk` FOREIGN KEY (`community_id`) REFERENCES `communities` (`id`) ON DELETE CASCADE,
  CONSTRAINT `communities_users_user_id_fk` FOREIGN KEY (`user_id`) REFERENCES `users` (`id`) ON DELETE CASCADE
) ENGINE=InnoDB DEFAULT CHARSET=utf8 COLLATE=utf8_unicode_ci COMMENT='Участники групп, связь между пользователями и группами';
/*!40101 SET character_set_client = @saved_cs_client */;

--
-- Dumping data for table `communities_users`
--

LOCK TABLES `communities_users` WRITE;
/*!40000 ALTER TABLE `communities_users` DISABLE KEYS */;
INSERT INTO `communities_users` VALUES (1,7,'1986-01-03 22:35:57'),(1,29,'2018-12-29 20:07:29'),(1,49,'1986-02-18 23:35:50'),(1,81,'1986-02-12 10:08:17'),(2,2,'1975-11-07 03:23:56'),(2,25,'2007-10-16 11:15:27'),(2,39,'2006-04-10 17:11:02'),(2,59,'1972-06-09 07:18:05'),(2,76,'2011-05-20 23:13:45'),(2,77,'2007-02-10 04:25:13'),(2,92,'1974-06-16 14:17:49'),(3,14,'1990-07-20 13:31:15'),(3,23,'2017-06-01 08:15:51'),(3,26,'2011-07-04 16:53:34'),(3,58,'2017-05-09 15:08:22'),(3,62,'1981-06-30 05:20:06'),(3,63,'1984-10-04 13:20:29'),(3,65,'2002-01-28 20:00:05'),(3,74,'2003-03-24 01:45:14'),(3,94,'1981-01-19 15:55:00'),(4,4,'1993-02-27 12:46:31'),(4,19,'1997-08-18 23:09:56'),(4,24,'2015-01-20 06:32:31'),(4,32,'1990-10-02 15:59:41'),(4,40,'2008-10-29 22:41:18'),(4,50,'2011-12-13 08:22:05'),(4,53,'1978-11-29 04:00:16'),(4,58,'1991-10-10 22:07:28'),(4,60,'1972-08-28 10:04:29'),(5,5,'1983-05-26 06:53:28'),(5,20,'1995-07-16 04:40:11'),(5,56,'1973-02-02 23:53:03'),(6,3,'1991-03-16 20:17:37'),(7,9,'1998-08-23 03:12:20'),(7,30,'2003-08-14 14:41:32'),(7,37,'2008-11-13 09:47:47'),(7,38,'2005-09-22 05:26:54'),(7,40,'2018-10-07 13:04:52'),(7,47,'1979-09-04 11:12:44'),(7,84,'2003-08-15 05:45:30'),(7,86,'1992-12-23 20:22:14'),(8,21,'2001-08-05 08:56:56'),(8,52,'1971-08-15 16:15:18'),(8,61,'2006-09-23 10:57:23'),(8,62,'1985-05-29 20:12:05'),(8,94,'2018-02-19 13:07:59'),(9,1,'2012-11-17 11:31:24'),(9,7,'2001-02-26 08:17:50'),(9,16,'2005-05-01 22:12:50'),(9,21,'1971-11-20 03:17:50'),(9,26,'1988-01-28 17:15:48'),(10,20,'1973-01-25 14:36:32'),(10,57,'1972-11-23 11:25:10'),(10,73,'2014-11-06 22:48:52'),(10,76,'1993-08-18 02:48:25'),(11,14,'2012-10-12 15:49:52'),(11,25,'1979-06-04 13:40:43'),(11,40,'1978-11-14 21:18:44'),(11,87,'2017-09-07 10:56:18'),(12,6,'1996-12-21 15:49:39'),(12,11,'1974-01-16 11:31:13'),(12,22,'2014-06-15 21:53:06'),(12,53,'1975-08-30 01:47:16'),(12,61,'1995-06-19 09:00:42'),(12,82,'2001-05-03 17:18:44'),(12,92,'1985-10-16 02:12:44'),(13,43,'2012-04-15 04:46:16'),(13,58,'1971-02-01 15:46:02'),(14,9,'2016-09-16 02:22:36'),(14,35,'1979-07-06 00:31:15'),(14,44,'1971-02-18 10:28:45'),(14,45,'1997-01-06 20:17:36'),(14,74,'1992-10-30 01:46:41'),(15,12,'1996-10-22 11:09:23'),(15,17,'1971-01-09 05:49:44'),(15,27,'1983-04-22 08:05:18'),(15,28,'1992-08-22 04:07:52'),(15,42,'2007-10-27 03:27:18'),(15,54,'1983-07-11 07:07:47'),(15,60,'2010-10-08 15:55:12'),(15,93,'1977-05-25 14:29:16'),(16,13,'1974-11-11 08:37:24'),(16,54,'1993-12-23 08:12:44'),(17,20,'2006-11-13 02:35:20'),(17,83,'2018-01-23 09:09:45'),(17,85,'1999-04-10 04:57:16'),(17,86,'2004-08-30 08:35:16'),(18,17,'2013-10-15 17:15:30'),(18,88,'1986-04-25 08:57:27'),(18,89,'2003-12-07 18:27:43'),(18,97,'2018-09-07 16:26:45'),(19,7,'1992-09-13 10:37:08'),(19,19,'1993-05-11 21:29:46'),(19,89,'2020-06-27 01:14:05'),(19,93,'2012-08-11 12:25:45'),(20,25,'1972-09-19 21:32:48'),(20,33,'1997-07-31 08:09:10'),(20,37,'1978-05-28 11:56:41'),(20,58,'1984-06-01 00:08:10'),(20,87,'1989-08-28 16:18:22');
/*!40000 ALTER TABLE `communities_users` ENABLE KEYS */;
UNLOCK TABLES;

--
-- Table structure for table `friendship`
--

DROP TABLE IF EXISTS `friendship`;
/*!40101 SET @saved_cs_client     = @@character_set_client */;
/*!50503 SET character_set_client = utf8mb4 */;
CREATE TABLE `friendship` (
  `user_id` int unsigned NOT NULL COMMENT 'Ссылка на инициатора дружеских отношений',
  `friend_id` int unsigned NOT NULL COMMENT 'Ссылка на получателя приглашения дружить',
  `status_id` int unsigned NOT NULL COMMENT 'Ссылка на статус (текущее состояние) отношений',
  `confirmed_at` datetime DEFAULT NULL COMMENT 'Время подтверждения приглашения',
  `created_at` datetime DEFAULT CURRENT_TIMESTAMP COMMENT 'Время создания строки',
  `updated_at` datetime DEFAULT CURRENT_TIMESTAMP ON UPDATE CURRENT_TIMESTAMP COMMENT 'Время обновления строки',
  PRIMARY KEY (`user_id`,`friend_id`) COMMENT 'Составной первичный ключ',
  KEY `friendship_friend_id_fk` (`friend_id`),
  KEY `friendship_status_id_fk` (`status_id`),
  CONSTRAINT `friendship_friend_id_fk` FOREIGN KEY (`friend_id`) REFERENCES `users` (`id`) ON DELETE CASCADE,
  CONSTRAINT `friendship_status_id_fk` FOREIGN KEY (`status_id`) REFERENCES `friendship_statuses` (`id`),
  CONSTRAINT `friendship_user_id_fk` FOREIGN KEY (`user_id`) REFERENCES `users` (`id`) ON DELETE CASCADE
) ENGINE=InnoDB DEFAULT CHARSET=utf8 COLLATE=utf8_unicode_ci COMMENT='Таблица дружбы';
/*!40101 SET character_set_client = @saved_cs_client */;

--
-- Dumping data for table `friendship`
--

LOCK TABLES `friendship` WRITE;
/*!40000 ALTER TABLE `friendship` DISABLE KEYS */;
INSERT INTO `friendship` VALUES (1,12,3,NULL,'2014-12-01 16:48:10','2020-11-17 22:43:33'),(2,99,3,NULL,'2001-02-10 08:39:20','2020-11-17 22:43:33'),(3,38,1,NULL,'1987-08-10 04:55:27','2020-11-17 22:43:33'),(3,64,1,NULL,'1972-05-07 07:17:06','2020-11-17 22:43:33'),(6,47,2,'2020-11-17 22:42:23','2001-03-19 14:27:47','2020-11-17 22:42:23'),(7,32,2,'2016-09-10 23:57:00','2004-11-18 15:48:45','1983-03-04 20:47:29'),(8,55,3,NULL,'1972-10-20 20:53:23','2020-11-17 22:43:33'),(8,60,2,'1983-02-17 04:54:42','1978-09-13 01:59:31','2013-09-01 04:05:35'),(10,11,3,NULL,'2010-03-31 14:25:02','2020-11-17 22:43:33'),(10,46,2,'2020-11-17 22:42:23','2016-04-17 02:08:28','2020-11-17 22:42:23'),(10,60,2,'2020-11-17 22:42:23','1983-01-21 11:37:34','2020-11-17 22:42:23'),(11,48,2,'2020-11-17 22:42:23','2017-03-15 10:50:51','2020-11-17 22:42:23'),(12,2,1,NULL,'1972-12-11 20:52:30','2020-11-17 22:43:33'),(12,66,2,'2020-11-17 22:42:23','1998-03-19 10:44:52','2020-11-17 22:42:23'),(13,9,1,NULL,'2012-11-28 03:42:24','2020-11-17 22:43:33'),(14,12,2,'2020-11-17 22:42:23','2011-07-20 13:57:27','2020-11-17 22:42:23'),(15,67,2,'1997-08-19 11:43:57','1977-11-04 04:39:18','2016-07-22 07:15:57'),(16,67,1,NULL,'2001-07-31 13:02:09','2020-11-17 22:43:33'),(19,14,2,'2020-11-17 22:42:23','1986-07-16 05:04:38','2020-11-17 22:42:23'),(19,80,1,NULL,'2004-04-21 09:30:57','2020-11-17 22:43:33'),(22,95,2,'2020-11-17 22:42:23','2000-11-14 14:36:38','2020-11-17 22:42:23'),(23,57,2,'2020-11-17 22:42:23','1978-06-30 03:37:54','2020-11-17 22:42:23'),(24,56,1,NULL,'2011-11-04 12:01:31','2020-11-17 22:43:33'),(24,66,2,'2013-05-10 05:48:41','1990-06-02 20:19:46','2002-08-26 20:43:32'),(24,88,2,'2016-03-29 02:24:42','2015-12-28 08:29:49','1975-04-01 10:06:04'),(25,8,1,NULL,'1974-01-15 23:27:55','2020-11-17 22:43:33'),(26,40,3,NULL,'1978-05-06 20:29:27','2020-11-17 22:43:33'),(26,58,3,NULL,'1997-05-03 11:16:34','2020-11-17 22:43:33'),(27,19,1,NULL,'1979-03-24 05:32:55','2020-11-17 22:43:33'),(28,95,3,NULL,'1997-10-24 21:24:01','2020-11-17 22:43:33'),(29,94,2,'2020-11-17 22:42:23','2011-06-10 04:51:00','2020-11-17 22:42:23'),(30,5,1,NULL,'2016-09-10 16:44:35','2020-11-17 22:43:33'),(30,32,1,NULL,'1994-04-28 05:24:42','2020-11-17 22:43:33'),(30,62,2,'1999-01-30 13:05:39','1988-10-04 22:33:32','1986-07-01 04:16:38'),(30,70,3,NULL,'1986-04-25 00:39:57','2020-11-17 22:43:33'),(31,42,2,'1979-01-10 01:02:45','1970-06-17 22:43:24','1993-04-07 15:05:54'),(33,18,3,NULL,'1978-05-06 16:10:12','2020-11-17 22:43:33'),(34,26,1,NULL,'1987-12-15 23:40:25','2020-11-17 22:43:33'),(34,71,2,'2020-11-17 22:42:23','2002-01-17 14:11:38','2020-11-17 22:42:23'),(39,42,3,NULL,'2000-01-14 11:52:36','2020-11-17 22:43:33'),(42,2,3,NULL,'2002-09-11 18:51:10','2020-11-17 22:43:33'),(42,76,2,'2020-11-17 22:42:23','1990-07-20 19:11:49','2020-11-17 22:42:23'),(43,55,2,'2017-06-01 17:19:12','1991-12-30 13:38:23','2019-02-25 23:25:10'),(44,51,3,NULL,'1982-11-12 19:13:03','2020-11-17 22:43:33'),(44,62,1,NULL,'1970-01-24 02:28:22','2020-11-17 22:43:33'),(45,28,1,NULL,'2010-08-02 09:31:05','2020-11-17 22:43:33'),(46,78,1,NULL,'1976-11-04 11:48:22','2020-11-17 22:43:33'),(47,21,1,NULL,'1997-12-13 08:39:45','2020-11-17 22:43:33'),(48,43,2,'2020-11-17 22:42:23','2010-06-29 16:28:40','2020-11-17 22:42:23'),(50,30,2,'2006-05-04 01:29:02','2005-09-23 08:06:41','1982-11-26 08:55:48'),(50,41,3,NULL,'2004-11-17 17:45:34','2020-11-17 22:43:33'),(51,42,1,NULL,'2012-01-30 13:37:56','2020-11-17 22:43:33'),(53,37,2,'1986-01-31 15:55:45','1977-10-21 13:00:18','2016-03-28 21:56:11'),(57,23,1,NULL,'1980-12-21 06:21:19','2020-11-17 22:43:33'),(58,20,3,NULL,'1996-12-31 20:51:15','2020-11-17 22:43:33'),(59,93,1,NULL,'2015-07-07 05:00:00','2020-11-17 22:43:33'),(60,53,2,'2020-11-17 22:42:23','2011-11-24 08:26:36','2020-11-17 22:42:23'),(61,42,2,'2019-04-13 08:56:25','1970-08-06 21:18:46','1974-04-06 01:42:13'),(62,79,2,'2020-11-17 22:42:23','1995-07-15 23:11:03','2020-11-17 22:42:23'),(63,31,2,'2020-11-17 22:42:23','1993-03-13 12:41:21','2020-11-17 22:42:23'),(63,52,3,NULL,'2010-01-29 19:00:07','2020-11-17 22:43:33'),(64,78,2,'2020-11-17 22:42:23','2006-07-01 13:48:57','2020-11-17 22:42:23'),(70,46,3,NULL,'1991-03-10 05:09:02','2020-11-17 22:43:33'),(70,74,1,NULL,'2014-10-09 11:44:41','2020-11-17 22:43:33'),(71,86,2,'2016-08-07 19:58:22','1986-06-02 22:21:55','1973-07-21 00:55:58'),(72,40,2,'1991-05-27 14:08:22','1974-01-30 01:22:49','2002-07-28 19:50:04'),(72,63,1,NULL,'1975-07-08 21:40:14','2020-11-17 22:43:33'),(72,98,3,NULL,'2008-09-19 01:34:05','2020-11-17 22:43:33'),(73,32,2,'2000-08-10 12:40:45','1998-09-25 00:15:15','1978-12-04 12:22:49'),(73,100,3,NULL,'1992-09-19 16:22:59','2020-11-17 22:43:33'),(75,32,1,NULL,'2009-12-12 09:18:51','2020-11-17 22:43:33'),(75,57,2,'2020-11-17 22:42:23','2009-10-06 13:38:09','2020-11-17 22:42:23'),(75,87,2,'1996-09-02 00:38:36','1980-01-16 01:02:21','2018-04-27 12:56:18'),(76,35,3,NULL,'2016-08-17 18:07:08','2020-11-17 22:43:33'),(77,42,3,NULL,'2019-09-11 08:14:27','2020-11-17 22:43:33'),(77,71,3,NULL,'2002-11-27 16:27:17','2020-11-17 22:43:33'),(77,73,3,NULL,'1998-02-16 06:39:49','2020-11-17 22:43:33'),(79,29,3,NULL,'1976-01-21 04:10:09','2020-11-17 22:43:33'),(79,37,1,NULL,'1974-11-03 06:51:07','2020-11-17 22:43:33'),(80,46,3,NULL,'1992-01-24 21:09:24','2020-11-17 22:43:33'),(81,30,1,NULL,'1997-02-17 06:47:53','2020-11-17 22:43:33'),(81,37,1,NULL,'2005-03-25 04:20:08','2020-11-17 22:43:33'),(84,15,1,NULL,'1973-09-04 13:43:04','2020-11-17 22:43:33'),(85,21,2,'2020-11-17 22:42:23','2016-05-04 22:55:33','2020-11-17 22:42:23'),(86,17,3,NULL,'2013-05-10 12:53:43','2020-11-17 22:43:33'),(87,22,1,NULL,'2005-10-09 00:35:24','2020-11-17 22:43:33'),(88,65,2,'2017-08-13 12:56:52','1972-05-30 12:27:20','2001-05-24 07:22:19'),(88,93,1,NULL,'1972-06-23 04:17:32','2020-11-17 22:43:33'),(90,1,2,'2020-11-17 22:42:23','2012-11-08 04:29:25','2020-11-17 22:42:23'),(91,44,2,'2019-05-27 14:12:31','1982-09-11 09:28:49','1983-09-29 12:12:16'),(92,77,1,NULL,'1990-05-15 22:42:43','2020-11-17 22:43:33'),(93,6,1,NULL,'2008-08-28 22:21:33','2020-11-17 22:43:33'),(94,11,1,NULL,'1999-08-19 02:38:51','2020-11-17 22:43:33'),(94,86,1,NULL,'2005-01-12 12:06:37','2020-11-17 22:43:33'),(95,72,2,'1994-01-03 12:29:43','1991-06-16 23:37:27','2006-12-12 23:34:17'),(97,7,2,'2020-11-17 22:42:23','1999-06-27 08:57:21','2020-11-17 22:42:23'),(98,25,1,NULL,'1971-02-07 22:52:25','2020-11-17 22:43:33'),(99,18,1,NULL,'1996-01-17 06:56:21','2020-11-17 22:43:33'),(99,33,2,'2020-11-17 22:42:23','1985-11-01 04:18:10','2020-11-17 22:42:23'),(99,75,2,'2020-11-17 22:42:23','2020-07-14 12:30:38','2020-11-17 22:42:23');
/*!40000 ALTER TABLE `friendship` ENABLE KEYS */;
UNLOCK TABLES;

--
-- Table structure for table `friendship_statuses`
--

DROP TABLE IF EXISTS `friendship_statuses`;
/*!40101 SET @saved_cs_client     = @@character_set_client */;
/*!50503 SET character_set_client = utf8mb4 */;
CREATE TABLE `friendship_statuses` (
  `id` int unsigned NOT NULL AUTO_INCREMENT COMMENT 'Идентификатор строки',
  `name` varchar(150) CHARACTER SET utf8 COLLATE utf8_unicode_ci NOT NULL COMMENT 'Название статуса',
  `created_at` datetime DEFAULT CURRENT_TIMESTAMP COMMENT 'Время создания строки',
  `updated_at` datetime DEFAULT CURRENT_TIMESTAMP ON UPDATE CURRENT_TIMESTAMP COMMENT 'Время обновления строки',
  PRIMARY KEY (`id`),
  UNIQUE KEY `name` (`name`)
) ENGINE=InnoDB AUTO_INCREMENT=4 DEFAULT CHARSET=utf8 COLLATE=utf8_unicode_ci COMMENT='Статусы дружбы';
/*!40101 SET character_set_client = @saved_cs_client */;

--
-- Dumping data for table `friendship_statuses`
--

LOCK TABLES `friendship_statuses` WRITE;
/*!40000 ALTER TABLE `friendship_statuses` DISABLE KEYS */;
INSERT INTO `friendship_statuses` VALUES (1,'rejected','1982-11-28 04:05:17','1999-06-08 03:17:24'),(2,'confirmed','1999-06-22 14:57:51','2014-08-15 22:21:54'),(3,'waiting','1977-01-29 09:25:44','2020-11-17 22:40:16');
/*!40000 ALTER TABLE `friendship_statuses` ENABLE KEYS */;
UNLOCK TABLES;

--
-- Table structure for table `likes`
--

DROP TABLE IF EXISTS `likes`;
/*!40101 SET @saved_cs_client     = @@character_set_client */;
/*!50503 SET character_set_client = utf8mb4 */;
CREATE TABLE `likes` (
  `id` int unsigned NOT NULL AUTO_INCREMENT,
  `user_id` int unsigned NOT NULL,
  `target_id` int unsigned NOT NULL,
  `target_type_id` int unsigned NOT NULL,
  `created_at` datetime DEFAULT CURRENT_TIMESTAMP,
  PRIMARY KEY (`id`),
  KEY `likes_user_id_fk` (`user_id`),
  KEY `likes_target_id_fk` (`target_id`),
  KEY `likes_target_type_id_fk` (`target_type_id`),
  CONSTRAINT `likes_target_type_id_fk` FOREIGN KEY (`target_type_id`) REFERENCES `target_types` (`id`),
  CONSTRAINT `likes_user_id_fk` FOREIGN KEY (`user_id`) REFERENCES `users` (`id`)
) ENGINE=InnoDB AUTO_INCREMENT=101 DEFAULT CHARSET=utf8mb4 COLLATE=utf8mb4_0900_ai_ci;
/*!40101 SET character_set_client = @saved_cs_client */;

--
-- Dumping data for table `likes`
--

LOCK TABLES `likes` WRITE;
/*!40000 ALTER TABLE `likes` DISABLE KEYS */;
INSERT INTO `likes` VALUES (1,41,43,4,'2020-11-24 18:36:08'),(2,41,19,3,'2020-11-24 18:36:08'),(3,14,44,4,'2020-11-24 18:36:08'),(4,67,95,3,'2020-11-24 18:36:08'),(5,79,78,3,'2020-11-24 18:36:08'),(6,20,47,3,'2020-11-24 18:36:08'),(7,31,30,3,'2020-11-24 18:36:08'),(8,1,27,2,'2020-11-24 18:36:08'),(9,83,17,2,'2020-11-24 18:36:08'),(10,22,6,3,'2020-11-24 18:36:08'),(11,90,67,3,'2020-11-24 18:36:08'),(12,18,96,2,'2020-11-24 18:36:08'),(13,45,45,4,'2020-11-24 18:36:08'),(14,7,69,1,'2020-11-24 18:36:08'),(15,5,58,4,'2020-11-24 18:36:08'),(16,4,90,2,'2020-11-24 18:36:08'),(17,29,24,2,'2020-11-24 18:36:08'),(18,87,40,2,'2020-11-24 18:36:08'),(19,61,94,4,'2020-11-24 18:36:08'),(20,65,55,4,'2020-11-24 18:36:08'),(21,38,47,1,'2020-11-24 18:36:08'),(22,54,12,4,'2020-11-24 18:36:08'),(23,58,92,4,'2020-11-24 18:36:08'),(24,49,92,1,'2020-11-24 18:36:08'),(25,71,26,1,'2020-11-24 18:36:08'),(26,4,69,2,'2020-11-24 18:36:08'),(27,52,63,3,'2020-11-24 18:36:08'),(28,100,26,2,'2020-11-24 18:36:08'),(29,67,47,2,'2020-11-24 18:36:08'),(30,22,12,4,'2020-11-24 18:36:08'),(31,36,94,3,'2020-11-24 18:36:08'),(32,25,40,1,'2020-11-24 18:36:08'),(33,2,37,4,'2020-11-24 18:36:08'),(34,83,77,2,'2020-11-24 18:36:08'),(35,48,31,1,'2020-11-24 18:36:08'),(36,63,81,1,'2020-11-24 18:36:08'),(37,32,14,3,'2020-11-24 18:36:08'),(38,18,72,1,'2020-11-24 18:36:08'),(39,16,60,3,'2020-11-24 18:36:08'),(40,73,14,2,'2020-11-24 18:36:08'),(41,2,65,1,'2020-11-24 18:36:08'),(42,91,4,2,'2020-11-24 18:36:08'),(43,15,39,2,'2020-11-24 18:36:08'),(44,26,82,2,'2020-11-24 18:36:08'),(45,12,65,4,'2020-11-24 18:36:08'),(46,39,37,3,'2020-11-24 18:36:08'),(47,8,49,1,'2020-11-24 18:36:08'),(48,62,45,2,'2020-11-24 18:36:08'),(49,45,16,2,'2020-11-24 18:36:08'),(50,75,39,3,'2020-11-24 18:36:08'),(51,30,40,1,'2020-11-24 18:36:08'),(52,29,15,4,'2020-11-24 18:36:08'),(53,99,29,2,'2020-11-24 18:36:08'),(54,39,59,4,'2020-11-24 18:36:08'),(55,8,8,1,'2020-11-24 18:36:08'),(56,54,21,2,'2020-11-24 18:36:08'),(57,48,13,1,'2020-11-24 18:36:08'),(58,62,50,3,'2020-11-24 18:36:08'),(59,59,11,4,'2020-11-24 18:36:08'),(60,46,2,3,'2020-11-24 18:36:08'),(61,52,46,3,'2020-11-24 18:36:08'),(62,14,60,3,'2020-11-24 18:36:08'),(63,1,34,3,'2020-11-24 18:36:08'),(64,35,74,3,'2020-11-24 18:36:08'),(65,90,64,2,'2020-11-24 18:36:08'),(66,46,85,4,'2020-11-24 18:36:08'),(67,85,61,2,'2020-11-24 18:36:08'),(68,62,64,2,'2020-11-24 18:36:08'),(69,60,9,3,'2020-11-24 18:36:08'),(70,88,51,4,'2020-11-24 18:36:08'),(71,2,34,3,'2020-11-24 18:36:08'),(72,31,52,3,'2020-11-24 18:36:08'),(73,81,1,3,'2020-11-24 18:36:08'),(74,12,71,1,'2020-11-24 18:36:08'),(75,83,58,2,'2020-11-24 18:36:08'),(76,18,74,1,'2020-11-24 18:36:08'),(77,50,9,4,'2020-11-24 18:36:08'),(78,31,81,1,'2020-11-24 18:36:08'),(79,6,100,4,'2020-11-24 18:36:08'),(80,8,95,3,'2020-11-24 18:36:08'),(81,72,2,4,'2020-11-24 18:36:08'),(82,77,95,2,'2020-11-24 18:36:08'),(83,33,31,3,'2020-11-24 18:36:08'),(84,95,100,1,'2020-11-24 18:36:08'),(85,70,8,2,'2020-11-24 18:36:08'),(86,17,100,2,'2020-11-24 18:36:08'),(87,48,89,1,'2020-11-24 18:36:08'),(88,41,100,4,'2020-11-24 18:36:08'),(89,78,64,4,'2020-11-24 18:36:08'),(90,33,10,3,'2020-11-24 18:36:08'),(91,23,63,2,'2020-11-24 18:36:08'),(92,34,36,4,'2020-11-24 18:36:08'),(93,84,83,3,'2020-11-24 18:36:08'),(94,66,40,4,'2020-11-24 18:36:08'),(95,81,4,3,'2020-11-24 18:36:08'),(96,65,97,4,'2020-11-24 18:36:08'),(97,62,36,4,'2020-11-24 18:36:08'),(98,72,72,2,'2020-11-24 18:36:08'),(99,90,26,3,'2020-11-24 18:36:08'),(100,18,14,1,'2020-11-24 18:36:08');
/*!40000 ALTER TABLE `likes` ENABLE KEYS */;
UNLOCK TABLES;

--
-- Temporary view structure for view `likes_10_youngest`
--

DROP TABLE IF EXISTS `likes_10_youngest`;
/*!50001 DROP VIEW IF EXISTS `likes_10_youngest`*/;
SET @saved_cs_client     = @@character_set_client;
/*!50503 SET character_set_client = utf8mb4 */;
/*!50001 CREATE VIEW `likes_10_youngest` AS SELECT 
 1 AS `number_likes`,
 1 AS `age`*/;
SET character_set_client = @saved_cs_client;

--
-- Table structure for table `media`
--

DROP TABLE IF EXISTS `media`;
/*!40101 SET @saved_cs_client     = @@character_set_client */;
/*!50503 SET character_set_client = utf8mb4 */;
CREATE TABLE `media` (
  `id` int unsigned NOT NULL AUTO_INCREMENT COMMENT 'Идентификатор строки',
  `user_id` int unsigned NOT NULL COMMENT 'Ссылка на пользователя, который загрузил файл',
  `filename` varchar(255) CHARACTER SET utf8 COLLATE utf8_unicode_ci NOT NULL COMMENT 'Путь к файлу',
  `size` int NOT NULL COMMENT 'Размер файла',
  `metadata` longtext CHARACTER SET utf8mb4 COLLATE utf8mb4_bin COMMENT 'Метаданные файла',
  `media_type_id` int unsigned NOT NULL COMMENT 'Ссылка на тип контента',
  `created_at` datetime DEFAULT CURRENT_TIMESTAMP COMMENT 'Время создания строки',
  `updated_at` datetime DEFAULT CURRENT_TIMESTAMP ON UPDATE CURRENT_TIMESTAMP COMMENT 'Время обновления строки',
  PRIMARY KEY (`id`),
  KEY `media_user_id_fk` (`user_id`),
  KEY `media_media_type_id_fk` (`media_type_id`),
  CONSTRAINT `media_media_type_id_fk` FOREIGN KEY (`media_type_id`) REFERENCES `media_types` (`id`),
  CONSTRAINT `media_user_id_fk` FOREIGN KEY (`user_id`) REFERENCES `users` (`id`),
  CONSTRAINT `media_chk_1` CHECK (json_valid(`metadata`))
) ENGINE=InnoDB AUTO_INCREMENT=101 DEFAULT CHARSET=utf8 COLLATE=utf8_unicode_ci COMMENT='Медиафайлы';
/*!40101 SET character_set_client = @saved_cs_client */;

--
-- Dumping data for table `media`
--

LOCK TABLES `media` WRITE;
/*!40000 ALTER TABLE `media` DISABLE KEYS */;
INSERT INTO `media` VALUES (1,80,'http://dropbox/vk/musics/voluptas.wav',77419180,'{\"owner\":\"Augusta Larkin\"}',1,'1984-04-06 04:11:12','2020-11-17 22:38:20'),(2,67,'http://dropbox/vk/musics/nemo.wav',56427826,'{\"owner\":\"Samanta Emmerich\"}',1,'1997-07-07 05:45:01','2020-11-17 22:38:20'),(3,41,'http://dropbox/vk/photos/ex.jpeg',68493797,'{\"owner\":\"Otho Emard\"}',4,'1989-06-03 01:25:37','2020-11-17 22:38:20'),(4,14,'http://dropbox/vk/musics/aut.wav',661623,'{\"owner\":\"Dereck Hodkiewicz\"}',1,'2015-04-05 05:42:36','2020-11-17 22:38:20'),(5,74,'http://dropbox/vk/musics/cum.wav',73175510,'{\"owner\":\"Salvatore Gerlach\"}',1,'1970-10-20 21:50:35','2020-11-17 22:38:20'),(6,85,'http://dropbox/vk/clips/est.mov',812842219,'{\"owner\":\"Steve Rolfson\"}',3,'1977-12-05 08:37:40','2020-11-17 22:38:20'),(7,92,'http://dropbox/vk/musics/molestias.wav',90124,'{\"owner\":\"Kaia Wilderman\"}',1,'1998-08-07 08:32:53','2020-11-17 22:38:20'),(8,24,'http://dropbox/vk/musics/accusamus.mp3',60386164,'{\"owner\":\"Zelma Wolff\"}',1,'2013-03-19 04:34:01','2020-11-17 22:38:20'),(9,9,'http://dropbox/vk/musics/praesentium.wav',82394295,'{\"owner\":\"Thora Farrell\"}',1,'1994-05-09 14:15:58','2020-11-17 22:38:20'),(10,31,'http://dropbox/vk/photos/quam.jpeg',22038,'{\"owner\":\"Nadia Ebert\"}',4,'1993-06-25 00:26:36','2020-11-17 22:38:20'),(11,54,'http://dropbox/vk/photos/inventore.jpeg',7392574,'{\"owner\":\"Hettie Gerlach\"}',4,'1979-12-31 14:51:47','2020-11-17 22:38:20'),(12,96,'http://dropbox/vk/clips/expedita.avi',30802987,'{\"owner\":\"Precious Nicolas\"}',3,'1974-10-09 16:27:46','2020-11-17 22:38:20'),(13,39,'http://dropbox/vk/photos/minima.png',65804,'{\"owner\":\"Dino Pagac\"}',4,'1981-08-26 11:36:44','2020-11-17 22:38:20'),(14,57,'http://dropbox/vk/clips/delectus.avi',6822050,'{\"owner\":\"Harold Collins\"}',3,'2015-07-16 23:01:18','2020-11-17 22:38:20'),(15,27,'http://dropbox/vk/clips/placeat.wmv',173394,'{\"owner\":\"Israel Dietrich\"}',3,'1981-08-14 11:26:58','2020-11-17 22:38:20'),(16,8,'http://dropbox/vk/clips/quo.wmv',15203672,'{\"owner\":\"Aubrey Greenholt\"}',3,'1997-08-30 06:46:22','2020-11-17 22:38:20'),(17,20,'http://dropbox/vk/musics/et.wav',41691296,'{\"owner\":\"Emmet O\'Reilly\"}',1,'1984-11-26 13:51:29','2020-11-17 22:38:20'),(18,54,'http://dropbox/vk/videos/laborum.avi',87980332,'{\"owner\":\"Hettie Gerlach\"}',2,'2003-06-02 01:29:07','2020-11-17 22:38:20'),(19,43,'http://dropbox/vk/photos/vel.png',14817774,'{\"owner\":\"Marcus Marks\"}',4,'1996-12-22 04:59:14','2020-11-17 22:38:20'),(20,13,'http://dropbox/vk/musics/officiis.mp3',10137880,'{\"owner\":\"Triston Rohan\"}',1,'2012-10-27 14:30:08','2020-11-17 22:38:20'),(21,37,'http://dropbox/vk/clips/temporibus.mov',31535,'{\"owner\":\"Kiel Mitchell\"}',3,'2012-05-01 16:36:40','2020-11-17 22:38:20'),(22,69,'http://dropbox/vk/photos/optio.jpeg',6226081,'{\"owner\":\"Ernesto Grant\"}',4,'2005-06-11 01:03:07','2020-11-17 22:38:20'),(23,27,'http://dropbox/vk/musics/iusto.mp3',899262,'{\"owner\":\"Israel Dietrich\"}',1,'1995-02-01 05:21:48','2020-11-17 22:38:20'),(24,99,'http://dropbox/vk/photos/quia.jpeg',706770,'{\"owner\":\"Eldora Mosciski\"}',4,'2012-06-01 20:35:45','2020-11-17 22:38:20'),(25,21,'http://dropbox/vk/videos/molestiae.mpg',84845608,'{\"owner\":\"Delilah Bayer\"}',2,'1972-06-12 06:35:29','2020-11-17 22:38:20'),(26,22,'http://dropbox/vk/clips/libero.mov',271215755,'{\"owner\":\"Alanis Wolf\"}',3,'1977-11-04 00:00:52','2020-11-17 22:38:20'),(27,79,'http://dropbox/vk/musics/corrupti.wav',626338,'{\"owner\":\"Isac Howell\"}',1,'1998-06-16 00:32:15','2020-11-17 22:38:20'),(28,34,'http://dropbox/vk/photos/dolore.png',446023,'{\"owner\":\"Madie Armstrong\"}',4,'1994-09-30 05:13:27','2020-11-17 22:38:20'),(29,48,'http://dropbox/vk/clips/quos.wmv',22097735,'{\"owner\":\"Camryn Crona\"}',3,'2015-02-26 15:59:13','2020-11-17 22:38:20'),(30,83,'http://dropbox/vk/musics/maiores.mp3',55941856,'{\"owner\":\"Mylene Pacocha\"}',1,'2004-08-18 07:08:47','2020-11-17 22:38:20'),(31,59,'http://dropbox/vk/clips/repudiandae.mpg',78394065,'{\"owner\":\"Noemie Doyle\"}',3,'1970-08-25 19:32:11','2020-11-17 22:38:20'),(32,94,'http://dropbox/vk/photos/debitis.png',13406076,'{\"owner\":\"Tatum Bashirian\"}',4,'2005-04-17 11:43:01','2020-11-17 22:38:20'),(33,7,'http://dropbox/vk/videos/labore.mov',722436,'{\"owner\":\"Linnie Hahn\"}',2,'2001-04-16 03:51:37','2020-11-17 22:38:20'),(34,27,'http://dropbox/vk/clips/ad.mpg',99194815,'{\"owner\":\"Israel Dietrich\"}',3,'1975-07-07 03:21:46','2020-11-17 22:38:20'),(35,4,'http://dropbox/vk/clips/modi.avi',55745850,'{\"owner\":\"Zella Torp\"}',3,'1994-09-23 05:42:10','2020-11-17 22:38:20'),(36,5,'http://dropbox/vk/musics/unde.mp3',81134808,'{\"owner\":\"Johnathon Beier\"}',1,'1992-07-09 02:03:23','2020-11-17 22:38:20'),(37,61,'http://dropbox/vk/videos/voluptatem.mpg',38426495,'{\"owner\":\"Oscar McLaughlin\"}',2,'2000-06-05 19:56:50','2020-11-17 22:38:20'),(38,32,'http://dropbox/vk/clips/doloribus.avi',48718054,'{\"owner\":\"Jacklyn Hilpert\"}',3,'2011-01-15 21:02:22','2020-11-17 22:38:20'),(39,5,'http://dropbox/vk/videos/voluptatum.avi',28300789,'{\"owner\":\"Johnathon Beier\"}',2,'1998-11-28 19:43:48','2020-11-17 22:38:20'),(40,48,'http://dropbox/vk/clips/explicabo.mpg',95339785,'{\"owner\":\"Camryn Crona\"}',3,'2003-02-21 19:24:41','2020-11-17 22:38:20'),(41,73,'http://dropbox/vk/videos/veniam.mov',91786564,'{\"owner\":\"Vergie Grant\"}',2,'1982-07-12 07:24:59','2020-11-17 22:38:20'),(42,43,'http://dropbox/vk/videos/natus.mpg',345148,'{\"owner\":\"Marcus Marks\"}',2,'2008-01-28 09:20:53','2020-11-17 22:38:20'),(43,42,'http://dropbox/vk/photos/quis.jpeg',72903467,'{\"owner\":\"Pattie Haley\"}',4,'1974-02-18 21:41:36','2020-11-17 22:38:20'),(44,87,'http://dropbox/vk/musics/quod.wav',50854728,'{\"owner\":\"Margie Johns\"}',1,'2013-05-09 21:54:45','2020-11-17 22:38:20'),(45,21,'http://dropbox/vk/clips/ipsam.avi',24184238,'{\"owner\":\"Delilah Bayer\"}',3,'1978-03-05 17:11:45','2020-11-17 22:38:20'),(46,41,'http://dropbox/vk/clips/itaque.avi',89147648,'{\"owner\":\"Otho Emard\"}',3,'1982-11-19 10:41:26','2020-11-17 22:38:20'),(47,42,'http://dropbox/vk/photos/ea.jpeg',27017843,'{\"owner\":\"Pattie Haley\"}',4,'2007-12-07 06:32:13','2020-11-17 22:38:20'),(48,31,'http://dropbox/vk/photos/ullam.jpeg',67636274,'{\"owner\":\"Nadia Ebert\"}',4,'1979-12-29 23:53:37','2020-11-17 22:38:20'),(49,43,'http://dropbox/vk/photos/facere.png',57117845,'{\"owner\":\"Marcus Marks\"}',4,'2014-08-17 18:36:42','2020-11-17 22:38:20'),(50,82,'http://dropbox/vk/photos/occaecati.jpeg',71646,'{\"owner\":\"Zula Lemke\"}',4,'1994-10-17 21:58:23','2020-11-17 22:38:20'),(51,1,'http://dropbox/vk/musics/fugiat.wav',82670406,'{\"owner\":\"Felicia Daugherty\"}',1,'1999-08-07 23:22:51','2020-11-17 22:38:20'),(52,87,'http://dropbox/vk/videos/id.mpg',789674,'{\"owner\":\"Margie Johns\"}',2,'2013-05-23 02:36:49','2020-11-17 22:38:20'),(53,55,'http://dropbox/vk/photos/repellendus.png',41988499,'{\"owner\":\"Angeline Friesen\"}',4,'2017-11-24 02:56:18','2020-11-17 22:38:20'),(54,6,'http://dropbox/vk/musics/consectetur.wav',729646,'{\"owner\":\"Stuart Smitham\"}',1,'1992-05-03 11:10:46','2020-11-17 22:38:20'),(55,30,'http://dropbox/vk/videos/rerum.avi',96698844,'{\"owner\":\"Catalina Bednar\"}',2,'2004-10-31 02:13:19','2020-11-17 22:38:20'),(56,90,'http://dropbox/vk/musics/eum.mp3',61921280,'{\"owner\":\"Madonna Beier\"}',1,'2005-05-12 13:53:42','2020-11-17 22:38:20'),(57,99,'http://dropbox/vk/videos/nam.mov',83630905,'{\"owner\":\"Eldora Mosciski\"}',2,'2011-06-10 10:42:28','2020-11-17 22:38:20'),(58,62,'http://dropbox/vk/musics/nesciunt.wav',908869215,'{\"owner\":\"Reese Runte\"}',1,'1988-05-29 23:16:02','2020-11-17 22:38:20'),(59,39,'http://dropbox/vk/videos/rem.wmv',46040246,'{\"owner\":\"Dino Pagac\"}',2,'1976-05-17 13:37:03','2020-11-17 22:38:20'),(60,76,'http://dropbox/vk/clips/in.mpg',32380691,'{\"owner\":\"Katlynn Schuppe\"}',3,'1970-02-12 10:51:08','2020-11-17 22:38:20'),(61,72,'http://dropbox/vk/musics/sunt.mp3',11000743,'{\"owner\":\"Guido Zemlak\"}',1,'1979-07-25 12:51:38','2020-11-17 22:38:20'),(62,19,'http://dropbox/vk/musics/magni.mp3',57851644,'{\"owner\":\"Kaycee King\"}',1,'1978-02-23 19:29:43','2020-11-17 22:38:20'),(63,79,'http://dropbox/vk/clips/non.avi',118832,'{\"owner\":\"Isac Howell\"}',3,'2006-08-01 01:55:39','2020-11-17 22:38:20'),(64,79,'http://dropbox/vk/videos/quae.mov',56245997,'{\"owner\":\"Isac Howell\"}',2,'1980-08-24 06:55:44','2020-11-17 22:38:20'),(65,11,'http://dropbox/vk/videos/illum.avi',85080,'{\"owner\":\"Zelda Shields\"}',2,'1982-03-08 09:06:23','2020-11-17 22:38:20'),(66,25,'http://dropbox/vk/videos/atque.mov',84865062,'{\"owner\":\"Urban Haag\"}',2,'1979-09-12 00:12:15','2020-11-17 22:38:20'),(67,42,'http://dropbox/vk/videos/ut.avi',7665056,'{\"owner\":\"Pattie Haley\"}',2,'1973-08-28 04:53:33','2020-11-17 22:38:20'),(68,56,'http://dropbox/vk/photos/enim.png',49786,'{\"owner\":\"Electa Considine\"}',4,'1994-02-20 19:32:03','2020-11-17 22:38:20'),(69,90,'http://dropbox/vk/musics/veritatis.mp3',62265344,'{\"owner\":\"Madonna Beier\"}',1,'1996-04-27 16:17:47','2020-11-17 22:38:20'),(70,48,'http://dropbox/vk/clips/ipsum.mov',69577293,'{\"owner\":\"Camryn Crona\"}',3,'1990-09-22 17:06:08','2020-11-17 22:38:20'),(71,45,'http://dropbox/vk/photos/dignissimos.png',55780752,'{\"owner\":\"Brown Hahn\"}',4,'1989-04-13 15:22:36','2020-11-17 22:38:20'),(72,84,'http://dropbox/vk/clips/odit.avi',5502557,'{\"owner\":\"Myrl D\'Amore\"}',3,'2010-08-21 12:53:47','2020-11-17 22:38:20'),(73,77,'http://dropbox/vk/photos/iste.jpeg',22892,'{\"owner\":\"Odessa Larson\"}',4,'2017-10-14 23:10:18','2020-11-17 22:38:20'),(74,13,'http://dropbox/vk/musics/nisi.mp3',26744453,'{\"owner\":\"Triston Rohan\"}',1,'2001-05-31 04:29:55','2020-11-17 22:38:20'),(75,11,'http://dropbox/vk/clips/earum.mpg',24881298,'{\"owner\":\"Zelda Shields\"}',3,'2006-01-29 15:09:43','2020-11-17 22:38:20'),(76,22,'http://dropbox/vk/musics/qui.wav',599759036,'{\"owner\":\"Alanis Wolf\"}',1,'1976-05-04 18:34:53','2020-11-17 22:38:20'),(77,15,'http://dropbox/vk/clips/eaque.mpg',45788974,'{\"owner\":\"Rebekah Rolfson\"}',3,'2015-06-24 00:42:15','2020-11-17 22:38:20'),(78,60,'http://dropbox/vk/musics/eius.wav',15664617,'{\"owner\":\"Haven Bechtelar\"}',1,'2004-01-10 10:08:10','2020-11-17 22:38:20'),(79,25,'http://dropbox/vk/musics/possimus.mp3',3546657,'{\"owner\":\"Urban Haag\"}',1,'1985-03-31 04:21:32','2020-11-17 22:38:20'),(80,26,'http://dropbox/vk/musics/error.wav',3669195,'{\"owner\":\"Jalen Wehner\"}',1,'1972-04-10 01:59:44','2020-11-17 22:38:20'),(81,69,'http://dropbox/vk/clips/commodi.mov',135401898,'{\"owner\":\"Ernesto Grant\"}',3,'2000-07-22 03:37:14','2020-11-17 22:38:20'),(82,63,'http://dropbox/vk/musics/sapiente.mp3',88225,'{\"owner\":\"Catalina Reichel\"}',1,'1977-02-23 07:46:26','2020-11-17 22:38:20'),(83,95,'http://dropbox/vk/photos/fuga.png',71342127,'{\"owner\":\"Donavon Hegmann\"}',4,'1976-06-02 13:44:37','2020-11-17 22:38:20'),(84,2,'http://dropbox/vk/musics/dolores.wav',45693052,'{\"owner\":\"Lourdes Rice\"}',1,'1978-06-14 10:25:56','2020-11-17 22:38:20'),(85,12,'http://dropbox/vk/videos/similique.mov',14428882,'{\"owner\":\"Dylan Balistreri\"}',2,'2000-09-29 06:16:15','2020-11-17 22:38:20'),(86,56,'http://dropbox/vk/musics/ratione.wav',768536577,'{\"owner\":\"Electa Considine\"}',1,'2010-10-02 20:48:19','2020-11-17 22:38:20'),(87,83,'http://dropbox/vk/photos/deleniti.jpeg',15069577,'{\"owner\":\"Mylene Pacocha\"}',4,'2010-11-20 14:13:55','2020-11-17 22:38:20'),(88,65,'http://dropbox/vk/musics/pariatur.wav',7601451,'{\"owner\":\"Lucio Block\"}',1,'1983-05-09 07:30:03','2020-11-17 22:38:20'),(89,97,'http://dropbox/vk/clips/excepturi.avi',1274262,'{\"owner\":\"Patricia Brakus\"}',3,'1994-07-14 21:24:30','2020-11-17 22:38:20'),(90,39,'http://dropbox/vk/clips/alias.mov',35055261,'{\"owner\":\"Dino Pagac\"}',3,'1999-01-05 02:52:24','2020-11-17 22:38:20'),(91,18,'http://dropbox/vk/musics/quidem.mp3',31979660,'{\"owner\":\"Ayana Botsford\"}',1,'1975-09-10 11:23:16','2020-11-17 22:38:20'),(92,10,'http://dropbox/vk/videos/tenetur.mov',54722521,'{\"owner\":\"Keon Stoltenberg\"}',2,'1984-01-23 11:39:16','2020-11-17 22:38:20'),(93,88,'http://dropbox/vk/photos/mollitia.jpeg',94431057,'{\"owner\":\"Noemie Weissnat\"}',4,'2000-07-17 00:11:02','2020-11-17 22:38:20'),(94,80,'http://dropbox/vk/musics/laboriosam.wav',5238064,'{\"owner\":\"Augusta Larkin\"}',1,'1983-06-25 22:12:36','2020-11-17 22:38:20'),(95,4,'http://dropbox/vk/musics/vitae.wav',77663627,'{\"owner\":\"Zella Torp\"}',1,'2006-08-15 08:37:47','2020-11-17 22:38:20'),(96,47,'http://dropbox/vk/photos/velit.png',22881673,'{\"owner\":\"Ashly Prosacco\"}',4,'2003-11-18 01:39:55','2020-11-17 22:38:20'),(97,95,'http://dropbox/vk/photos/illo.jpeg',68936016,'{\"owner\":\"Donavon Hegmann\"}',4,'2001-01-31 13:52:12','2020-11-17 22:38:20'),(98,55,'http://dropbox/vk/clips/asperiores.mpg',86966168,'{\"owner\":\"Angeline Friesen\"}',3,'2012-08-05 20:26:11','2020-11-17 22:38:20'),(99,95,'http://dropbox/vk/videos/quasi.wmv',24140578,'{\"owner\":\"Donavon Hegmann\"}',2,'2013-04-12 11:37:15','2020-11-17 22:38:20'),(100,52,'http://dropbox/vk/photos/eligendi.png',219334465,'{\"owner\":\"Abner Watsica\"}',4,'1992-07-01 02:34:40','2020-11-17 22:38:20');
/*!40000 ALTER TABLE `media` ENABLE KEYS */;
UNLOCK TABLES;

--
-- Table structure for table `media_types`
--

DROP TABLE IF EXISTS `media_types`;
/*!40101 SET @saved_cs_client     = @@character_set_client */;
/*!50503 SET character_set_client = utf8mb4 */;
CREATE TABLE `media_types` (
  `id` int unsigned NOT NULL AUTO_INCREMENT COMMENT 'Идентификатор строки',
  `name` varchar(255) CHARACTER SET utf8 COLLATE utf8_unicode_ci NOT NULL COMMENT 'Название типа',
  `created_at` datetime DEFAULT CURRENT_TIMESTAMP COMMENT 'Время создания строки',
  `updated_at` datetime DEFAULT CURRENT_TIMESTAMP ON UPDATE CURRENT_TIMESTAMP COMMENT 'Время обновления строки',
  PRIMARY KEY (`id`),
  UNIQUE KEY `name` (`name`)
) ENGINE=InnoDB AUTO_INCREMENT=5 DEFAULT CHARSET=utf8 COLLATE=utf8_unicode_ci COMMENT='Типы медиафайлов';
/*!40101 SET character_set_client = @saved_cs_client */;

--
-- Dumping data for table `media_types`
--

LOCK TABLES `media_types` WRITE;
/*!40000 ALTER TABLE `media_types` DISABLE KEYS */;
INSERT INTO `media_types` VALUES (1,'music','1974-07-29 08:06:21','1992-12-03 22:34:10'),(2,'video','2006-12-22 03:40:42','2020-11-17 22:27:00'),(3,'clip','2016-12-23 09:36:16','2020-11-17 22:27:00'),(4,'photo','2011-03-23 13:29:24','2020-11-17 22:27:00');
/*!40000 ALTER TABLE `media_types` ENABLE KEYS */;
UNLOCK TABLES;

--
-- Table structure for table `messages`
--

DROP TABLE IF EXISTS `messages`;
/*!40101 SET @saved_cs_client     = @@character_set_client */;
/*!50503 SET character_set_client = utf8mb4 */;
CREATE TABLE `messages` (
  `id` int unsigned NOT NULL AUTO_INCREMENT COMMENT 'Идентификатор строки',
  `from_user_id` int unsigned NOT NULL COMMENT 'Ссылка на отправителя сообщения',
  `to_user_id` int unsigned NOT NULL COMMENT 'Ссылка на получателя сообщения',
  `body` text CHARACTER SET utf8 COLLATE utf8_unicode_ci NOT NULL COMMENT 'Текст сообщения',
  `media_id` int unsigned DEFAULT NULL,
  `is_important` tinyint(1) DEFAULT NULL COMMENT 'Признак важности',
  `is_delivered` tinyint(1) DEFAULT NULL COMMENT 'Признак доставки',
  `created_at` datetime DEFAULT CURRENT_TIMESTAMP COMMENT 'Время создания строки',
  PRIMARY KEY (`id`),
  KEY `messages_from_user_id_fk` (`from_user_id`),
  KEY `messages_to_user_id_fk` (`to_user_id`),
  KEY `messages_media_id_fk` (`media_id`),
  CONSTRAINT `messages_from_user_id_fk` FOREIGN KEY (`from_user_id`) REFERENCES `users` (`id`),
  CONSTRAINT `messages_media_id_fk` FOREIGN KEY (`media_id`) REFERENCES `media` (`id`),
  CONSTRAINT `messages_to_user_id_fk` FOREIGN KEY (`to_user_id`) REFERENCES `users` (`id`)
) ENGINE=InnoDB AUTO_INCREMENT=101 DEFAULT CHARSET=utf8 COLLATE=utf8_unicode_ci COMMENT='Сообщения';
/*!40101 SET character_set_client = @saved_cs_client */;

--
-- Dumping data for table `messages`
--

LOCK TABLES `messages` WRITE;
/*!40000 ALTER TABLE `messages` DISABLE KEYS */;
INSERT INTO `messages` VALUES (1,87,55,'Alice went on, taking first one side and up the little door: but, alas! the little golden key was too dark to see it written down: but I think I could, if I shall see it written down: but I think I.',5,1,1,'1976-05-19 21:53:03'),(2,35,15,'White Rabbit, trotting slowly back again, and made a snatch in the other: the Duchess and the others took the watch and looked at Alice, and tried to beat time when she turned the corner, but the.',99,0,0,'2002-03-31 15:14:04'),(3,74,6,'Alice to herself, \'Which way? Which way?\', holding her hand in hand, in couples: they were nowhere to be no sort of thing never happened, and now here I am in the face. \'I\'ll put a stop to this,\'.',79,1,1,'1993-09-13 11:21:36'),(4,61,49,'Alice. \'What sort of use in saying anything more till the puppy\'s bark sounded quite faint in the other: he came trotting along in a trembling voice:-- \'I passed by his garden, and I could say if I.',98,0,1,'1974-04-08 17:23:58'),(5,38,35,'I almost wish I\'d gone to see what this bottle does. I do so like that curious song about the twentieth time that day. \'A likely story indeed!\' said the Duchess, \'as pigs have to beat them off, and.',54,1,1,'2008-12-06 00:26:06'),(6,76,76,'What WILL become of it; then Alice, thinking it was all about, and make THEIR eyes bright and eager with many a strange tale, perhaps even with the tea,\' the March Hare, \'that \"I breathe when I was.',72,0,1,'1995-03-21 12:36:40'),(7,79,11,'Alice; \'it\'s laid for a great hurry; \'and their names were Elsie, Lacie, and Tillie; and they can\'t prove I did: there\'s no use denying it. I suppose I ought to be patted on the breeze that followed.',99,0,1,'2019-11-30 13:24:33'),(8,52,29,'Hatter: \'as the things between whiles.\' \'Then you keep moving round, I suppose?\' said Alice. \'That\'s very important,\' the King put on one knee. \'I\'m a poor man,\' the Hatter grumbled: \'you shouldn\'t.',80,0,1,'2015-09-01 01:53:00'),(9,61,43,'Why, she\'ll eat a bat?\' when suddenly, thump! thump! down she came upon a little glass box that was lying on the slate. \'Herald, read the accusation!\' said the others. \'We must burn the house before.',2,0,1,'1995-02-02 13:40:02'),(10,99,51,'Gryphon never learnt it.\' \'Hadn\'t time,\' said the Gryphon. \'Of course,\' the Gryphon answered, very nearly carried it off. \'If everybody minded their own business,\' the Duchess sneezed occasionally;.',69,1,0,'1995-08-19 06:42:22'),(11,92,91,'Alice. \'And be quick about it,\' added the Dormouse. \'Write that down,\' the King very decidedly, and there she saw in another moment it was not quite know what \"it\" means well enough, when I got up.',37,1,1,'1971-07-03 08:36:47'),(12,46,48,'Cat. \'I said pig,\' replied Alice; \'and I do wonder what was coming. It was so much frightened to say a word, but slowly followed her back to her: first, because the chimneys were shaped like the.',80,0,1,'1974-07-25 01:29:23'),(13,40,37,'Majesty,\' said the Mock Turtle. Alice was not a moment to think about stopping herself before she found she had brought herself down to nine inches high. CHAPTER VI. Pig and Pepper For a minute or.',86,0,1,'1984-04-18 14:10:55'),(14,34,72,'Christmas.\' And she began fancying the sort of chance of her head struck against the door, and knocked. \'There\'s no sort of chance of this, so that it seemed quite natural to Alice an excellent.',91,1,1,'2010-06-30 15:00:01'),(15,91,73,'THAT\'S all wrong, I\'m certain! I must be removed,\' said the Rabbit\'s voice along--\'Catch him, you by the officers of the window, and on it (as she had never forgotten that, if you drink much from a.',96,1,1,'1970-07-08 22:13:31'),(16,42,78,'March Hare. \'Yes, please do!\' pleaded Alice. \'And be quick about it,\' said Five, in a very deep well. Either the well was very provoking to find her in an offended tone, \'was, that the pebbles were.',5,0,1,'1997-01-11 12:55:23'),(17,27,76,'Dinn may be,\' said the Mouse. \'--I proceed. \"Edwin and Morcar, the earls of Mercia and Northumbria--\"\' \'Ugh!\' said the Mock Turtle sighed deeply, and began, in a long, low hall, which was lit up by.',36,0,1,'2000-02-06 09:08:34'),(18,92,1,'Pat, what\'s that in some book, but I think it so VERY much out of the officers: but the Rabbit was no label this time she had felt quite relieved to see that she still held the pieces of mushroom in.',66,1,1,'1974-01-30 13:02:12'),(19,82,53,'Edwin and Morcar, the earls of Mercia and Northumbria--\"\' \'Ugh!\' said the last word two or three pairs of tiny white kid gloves and the words all coming different, and then dipped suddenly down, so.',19,1,0,'2012-10-22 00:23:04'),(20,49,19,'Duchess sneezed occasionally; and as the Lory hastily. \'I thought it would,\' said the Caterpillar. Here was another puzzling question; and as the game was in livery: otherwise, judging by his face.',100,0,1,'2004-10-03 13:11:52'),(21,88,24,'At this moment Five, who had spoken first. \'That\'s none of YOUR adventures.\' \'I could tell you just now what the moral of that is--\"Birds of a sea of green leaves that lay far below her. \'What CAN.',40,1,1,'2000-12-12 09:31:26'),(22,94,67,'Caterpillar. Alice thought this a very melancholy voice. \'Repeat, \"YOU ARE OLD, FATHER WILLIAM,\"\' said the Cat. \'I said pig,\' replied Alice; \'and I do so like that curious song about the crumbs,\'.',2,0,1,'2009-01-31 04:37:39'),(23,35,45,'I can creep under the hedge. In another moment it was good practice to say a word, but slowly followed her back to the beginning again?\' Alice ventured to ask. \'Suppose we change the subject. \'Go on.',87,1,1,'1989-08-18 03:11:37'),(24,95,95,'Magpie began wrapping itself up and picking the daisies, when suddenly a footman because he was speaking, so that altogether, for the White Rabbit with pink eyes ran close by it, and talking over.',31,0,1,'2004-06-10 09:20:15'),(25,88,94,'Alice remarked. \'Right, as usual,\' said the Mock Turtle. \'She can\'t explain MYSELF, I\'m afraid, sir\' said Alice, very much to-night, I should think very likely to eat some of them even when they met.',94,0,1,'1997-07-27 05:28:03'),(26,46,79,'However, she soon found an opportunity of taking it away. She did not much surprised at her side. She was a table, with a great deal too flustered to tell me who YOU are, first.\' \'Why?\' said the.',74,1,1,'2006-08-19 09:55:05'),(27,84,91,'Alice, as she was considering in her brother\'s Latin Grammar, \'A mouse--of a mouse--to a mouse--a mouse--O mouse!\') The Mouse did not venture to go among mad people,\' Alice remarked. \'Oh, you.',87,1,1,'2020-10-12 16:47:59'),(28,26,24,'IS the same size for going through the little thing sat down at her feet, they seemed to be two people. \'But it\'s no use in crying like that!\' By this time she had to stoop to save her neck from.',13,1,1,'2015-01-24 14:18:37'),(29,28,60,'I can\'t show it you myself,\' the Mock Turtle interrupted, \'if you only kept on good terms with him, he\'d do almost anything you liked with the name again!\' \'I won\'t interrupt again. I dare say there.',6,1,1,'1993-10-23 08:28:45'),(30,95,19,'And here poor Alice in a tone of great relief. \'Call the next moment a shower of saucepans, plates, and dishes. The Duchess took her choice, and was looking up into a doze; but, on being pinched by.',89,0,0,'1974-06-23 15:26:56'),(31,32,37,'But I\'ve got to do,\' said Alice loudly. \'The idea of the March Hare. \'Sixteenth,\' added the Gryphon; and then hurried on, Alice started to her to carry it further. So she went hunting about, and.',25,0,1,'1977-03-24 20:44:43'),(32,96,59,'And the muscular strength, which it gave to my boy, I beat him when he finds out who I WAS when I was going to do it?\' \'In my youth,\' said the Queen, \'Really, my dear, I think?\' \'I had NOT!\' cried.',59,0,1,'1985-08-09 12:55:01'),(33,12,88,'Let me think: was I the same words as before, \'It\'s all his fancy, that: they never executes nobody, you know. Please, Ma\'am, is this New Zealand or Australia?\' (and she tried hard to whistle to it;.',19,1,1,'2007-08-08 10:29:48'),(34,60,93,'Hatter were having tea at it: a Dormouse was sitting on a three-legged stool in the wood, \'is to grow up again! Let me think: was I the same words as before, \'and things are \"much of a bottle. They.',18,0,0,'1976-09-16 10:42:44'),(35,41,9,'I get\" is the driest thing I ever saw in my size; and as he wore his crown over the jury-box with the end of the jurors were all crowded round it, panting, and asking, \'But who is to give the.',34,0,1,'2009-04-15 15:11:37'),(36,12,29,'Mouse in the house down!\' said the Rabbit\'s voice along--\'Catch him, you by the pope, was soon submitted to by all three dates on their backs was the matter worse. You MUST have meant some mischief,.',12,0,1,'1974-04-01 11:59:34'),(37,33,6,'Hatter was the BEST butter, you know.\' \'And what are YOUR shoes done with?\' said the Cat, and vanished again. Alice waited till she was quite pleased to find that her flamingo was gone across to the.',61,1,1,'2020-09-28 18:54:57'),(38,96,67,'Hatter, \'or you\'ll be asleep again before it\'s done.\' \'Once upon a neat little house, on the trumpet, and called out \'The Queen! The Queen!\' and the two sides of it, and burning with curiosity, she.',66,0,1,'1978-07-10 05:30:55'),(39,51,91,'Alice, \'and why it is almost certain to disagree with you, sooner or later. However, this bottle does. I do it again and again.\' \'You are not attending!\' said the March Hare. The Hatter looked at it.',48,1,1,'1986-06-30 18:59:52'),(40,62,38,'Majesty,\' the Hatter grumbled: \'you shouldn\'t have put it right; \'not that it would be as well to say which), and they lived at the door between us. For instance, if you wouldn\'t have come here.\'.',42,0,1,'1994-07-05 03:52:46'),(41,84,7,'Gryphon. \'Do you know that cats COULD grin.\' \'They all can,\' said the Mock Turtle. \'Hold your tongue!\' said the Footman. \'That\'s the first sentence in her life before, and she heard a little way.',65,1,0,'1983-09-03 02:47:38'),(42,17,68,'After a time there could be no sort of chance of this, so she set to work very carefully, nibbling first at one end to the voice of the jury had a little before she had tired herself out with his.',100,0,1,'2007-10-24 20:26:02'),(43,98,43,'Between yourself and me.\' \'That\'s the first figure,\' said the Rabbit coming to look for her, and the Queen\'s voice in the beautiful garden, among the leaves, which she concluded that it was neither.',4,0,1,'1971-06-06 23:32:18'),(44,91,26,'I think it was,\' the March Hare, \'that \"I breathe when I was a general clapping of hands at this: it was good manners for her neck would bend about easily in any direction, like a steam-engine when.',20,0,1,'1985-04-18 20:39:04'),(45,2,86,'Father William,\' the young Crab, a little bit of the e--e--evening, Beautiful, beautiful Soup!\' CHAPTER XI. Who Stole the Tarts? The King looked anxiously over his shoulder with some severity; \'it\'s.',87,0,1,'1998-08-13 22:29:27'),(46,44,34,'I say--that\'s the same thing a bit!\' said the Gryphon. \'Do you mean that you couldn\'t cut off a little shriek, and went on: \'But why did they draw the treacle from?\' \'You can draw water out of its.',75,1,1,'1999-02-01 18:35:01'),(47,22,40,'Duchess said in a more subdued tone, and added with a round face, and was going to remark myself.\' \'Have you seen the Mock Turtle went on. \'Or would you tell me, Pat, what\'s that in the pool, \'and.',15,0,1,'1991-12-21 00:57:40'),(48,92,33,'Footman went on so long since she had brought herself down to nine inches high. CHAPTER VI. Pig and Pepper For a minute or two she stood still where she was small enough to try the patience of an.',48,1,1,'1983-10-01 14:49:34'),(49,28,51,'Dormouse sulkily remarked, \'If you didn\'t like cats.\' \'Not like cats!\' cried the Gryphon. \'I mean, what makes them so often, you know.\' \'And what are they doing?\' Alice whispered to the garden door..',93,1,1,'1981-06-26 11:36:38'),(50,26,69,'PLEASE mind what you\'re talking about,\' said Alice. \'Why?\' \'IT DOES THE BOOTS AND SHOES.\' the Gryphon went on in the book,\' said the Duchess; \'and most things twinkled after that--only the March.',21,1,1,'2002-03-22 10:31:49'),(51,60,38,'It doesn\'t look like one, but it did not notice this last remark. \'Of course twinkling begins with an M--\' \'Why with an M--\' \'Why with an M?\' said Alice. \'And where HAVE my shoulders got to? And oh,.',24,1,1,'2018-02-20 06:24:01'),(52,98,92,'Mock Turtle, \'but if they do, why then they\'re a kind of rule, \'and vinegar that makes them so often, of course you know what it might tell her something about the temper of your nose-- What made.',57,1,1,'1996-04-19 10:46:53'),(53,43,93,'Queen was in a shrill, loud voice, and see what the flame of a water-well,\' said the Gryphon. \'I\'ve forgotten the Duchess to play croquet.\' Then they both cried. \'Wake up, Alice dear!\' said her.',15,1,1,'1977-06-21 23:37:18'),(54,58,93,'Caterpillar. \'Well, I can\'t tell you what year it is?\' \'Of course not,\' Alice cautiously replied: \'but I must be Mabel after all, and I don\'t like it, yer honour, at all, at all!\' \'Do as I do,\' said.',1,1,1,'1970-12-04 12:22:30'),(55,83,19,'I suppose I ought to be said. At last the Mouse, in a court of justice before, but she had read several nice little dog near our house I should think you\'ll feel it a little faster?\" said a timid.',62,0,1,'2018-02-08 09:31:42'),(56,31,67,'I am to see its meaning. \'And just as I do,\' said Alice in a great crowd assembled about them--all sorts of things--I can\'t remember half of fright and half of them--and it belongs to a farmer, you.',7,0,1,'1974-02-05 23:25:59'),(57,26,47,'I didn\'t know that Cheshire cats always grinned; in fact, I didn\'t know how to begin.\' He looked at poor Alice, \'when one wasn\'t always growing larger and smaller, and being so many lessons to.',49,0,1,'2011-08-29 00:16:53'),(58,34,23,'Rabbit say, \'A barrowful of WHAT?\' thought Alice; \'only, as it\'s asleep, I suppose you\'ll be telling me next that you never even introduced to a shriek, \'and just as well look and see how the game.',21,1,1,'1996-07-12 23:48:57'),(59,89,25,'She was moving them about as she ran. \'How surprised he\'ll be when he pleases!\' CHORUS. \'Wow! wow! wow!\' \'Here! you may SIT down,\' the King and the fan, and skurried away into the garden door. Poor.',60,0,1,'1972-02-08 15:29:25'),(60,49,91,'Alice \'without pictures or conversations?\' So she called softly after it, and on it in her brother\'s Latin Grammar, \'A mouse--of a mouse--to a mouse--a mouse--O mouse!\') The Mouse only shook its.',34,1,1,'1985-04-21 02:19:52'),(61,10,93,'I\'ll take no denial; We must have imitated somebody else\'s hand,\' said the Mouse, sharply and very nearly in the distance would take the hint; but the Dormouse shook its head impatiently, and walked.',89,1,1,'1975-07-23 20:01:59'),(62,24,32,'Gryphon at the thought that SOMEBODY ought to be managed? I suppose I ought to be seen: she found her head pressing against the door, staring stupidly up into the air. \'--as far out to be a very.',45,1,1,'2004-02-29 09:45:35'),(63,33,16,'And yet I don\'t put my arm round your waist,\' the Duchess said after a minute or two to think this a good deal until she made out the answer to it?\' said the Hatter. \'You might just as she left her,.',55,1,1,'1994-10-19 19:55:26'),(64,65,60,'Gryphon in an undertone, \'important--unimportant--unimportant--important--\' as if she could for sneezing. There was not going to turn into a tree. \'Did you say pig, or fig?\' said the Knave, \'I.',42,1,1,'1977-07-08 13:58:56'),(65,67,90,'I\'ve often seen them so often, of course had to stop and untwist it. After a time she heard a little startled when she found her way out. \'I shall be a person of authority among them, called out,.',42,0,1,'2002-01-27 07:55:26'),(66,29,26,'I don\'t like them!\' When the Mouse in the chimney as she left her, leaning her head made her draw back in a melancholy tone: \'it doesn\'t seem to be\"--or if you\'d like it very nice, (it had, in fact,.',84,0,1,'2016-12-05 06:19:51'),(67,28,26,'However, the Multiplication Table doesn\'t signify: let\'s try Geography. London is the use of repeating all that green stuff be?\' said Alice. \'Well, I shan\'t go, at any rate,\' said Alice: \'three.',96,0,1,'2016-02-05 15:50:20'),(68,17,70,'The great question certainly was, what? Alice looked at it uneasily, shaking it every now and then nodded. \'It\'s no business of MINE.\' The Queen had only one who had not the smallest notice of her.',25,1,1,'2014-10-10 04:19:38'),(69,19,74,'I\'ll kick you down stairs!\' \'That is not said right,\' said the King. \'It began with the time,\' she said to herself; \'the March Hare meekly replied. \'Yes, but I shall think nothing of tumbling down.',37,0,1,'1972-10-30 03:56:46'),(70,63,1,'Dinn may be,\' said the Pigeon; \'but if you\'ve seen them so shiny?\' Alice looked at the cook was leaning over the list, feeling very glad to find my way into a small passage, not much like keeping so.',11,1,1,'2015-09-12 04:49:31'),(71,93,94,'They all sat down again into its nest. Alice crouched down among the branches, and every now and then, if I only wish people knew that: then they wouldn\'t be so proud as all that.\' \'Well, it\'s got.',43,0,1,'1982-08-18 17:55:48'),(72,68,18,'King, going up to the garden door. Poor Alice! It was opened by another footman in livery came running out of sight, he said in a hoarse growl, \'the world would go anywhere without a moment\'s pause..',82,0,1,'1979-07-14 13:35:38'),(73,40,2,'I used--and I don\'t know where Dinn may be,\' said the Hatter, \'you wouldn\'t talk about trouble!\' said the Mock Turtle went on. \'Would you like the look of the creature, but on the glass table as.',79,0,1,'2011-01-25 18:31:31'),(74,41,29,'Alice had begun to think this a very hopeful tone though), \'I won\'t indeed!\' said the Caterpillar angrily, rearing itself upright as it can be,\' said the Mouse was swimming away from him, and said.',48,0,0,'1980-07-12 00:05:29'),(75,26,89,'Forty-two. ALL PERSONS MORE THAN A MILE HIGH TO LEAVE THE COURT.\' Everybody looked at it gloomily: then he dipped it into one of the mushroom, and crawled away in the trial done,\' she thought, \'it\'s.',2,0,1,'2018-09-03 17:56:40'),(76,19,36,'That WILL be a great crowd assembled about them--all sorts of things--I can\'t remember things as I was going on between the executioner, the King, looking round the court and got behind Alice as she.',69,0,1,'2000-03-13 20:54:26'),(77,81,43,'Wonderland, though she felt that it was as much right,\' said the Dodo. Then they both sat silent and looked at the March Hare, \'that \"I breathe when I learn music.\' \'Ah! that accounts for it,\' said.',35,1,1,'2019-12-01 12:33:00'),(78,67,14,'March Hare, \'that \"I breathe when I get SOMEWHERE,\' Alice added as an explanation. \'Oh, you\'re sure to do so. \'Shall we try another figure of the court. All this time she saw maps and pictures hung.',67,0,1,'2000-04-23 19:02:08'),(79,58,31,'Oh, my dear paws! Oh my fur and whiskers! She\'ll get me executed, as sure as ferrets are ferrets! Where CAN I have done that?\' she thought. \'But everything\'s curious today. I think I could, if I.',33,1,1,'1984-07-30 02:33:50'),(80,74,24,'While the Owl and the game was in managing her flamingo: she succeeded in getting its body tucked away, comfortably enough, under her arm, and timidly said \'Consider, my dear: she is such a capital.',61,1,1,'1985-01-01 08:23:05'),(81,21,2,'Mary Ann, and be turned out of his shrill little voice, the name again!\' \'I won\'t have any rules in particular; at least, if there are, nobody attends to them--and you\'ve no idea what you\'re talking.',5,0,1,'1983-07-13 09:53:47'),(82,49,48,'Alice after it, \'Mouse dear! Do come back and see that queer little toss of her hedgehog. The hedgehog was engaged in a confused way, \'Prizes! Prizes!\' Alice had no very clear notion how long ago.',41,1,1,'1994-01-10 15:43:46'),(83,28,66,'The hedgehog was engaged in a mournful tone, \'he won\'t do a thing before, and he wasn\'t one?\' Alice asked. \'We called him Tortoise because he taught us,\' said the Mouse. \'--I proceed. \"Edwin and.',88,0,1,'2016-04-19 23:17:23'),(84,18,46,'Said the mouse doesn\'t get out.\" Only I don\'t believe there\'s an atom of meaning in it,\' but none of my own. I\'m a hatter.\' Here the Dormouse shall!\' they both bowed low, and their curls got.',19,1,1,'2003-12-05 12:23:07'),(85,39,81,'Alice; \'but a grin without a moment\'s delay would cost them their lives. All the time it vanished quite slowly, beginning with the tarts, you know--\' (pointing with his head!\' she said, by way of.',31,0,1,'1971-02-20 18:13:16'),(86,47,31,'I tell you!\' But she went slowly after it: \'I never said I could shut up like a tunnel for some minutes. Alice thought to herself. At this moment the door of the way--\' \'THAT generally takes some.',98,1,1,'1979-07-13 18:52:32'),(87,74,14,'I know?\' said Alice, who felt ready to make out at all know whether it would make with the next thing was to eat her up in such confusion that she might as well as pigs, and was immediately.',94,0,1,'2009-09-26 10:38:31'),(88,49,14,'March Hare. \'Sixteenth,\' added the Gryphon; and then they both sat silent and looked very anxiously into its mouth again, and Alice was not quite like the Queen?\' said the White Rabbit, \'and that\'s.',77,1,1,'2009-03-17 15:16:01'),(89,15,89,'I should like it put more simply--\"Never imagine yourself not to her, though, as they used to read fairy-tales, I fancied that kind of serpent, that\'s all the things between whiles.\' \'Then you keep.',4,0,1,'1974-05-10 17:00:34'),(90,42,41,'Gryphon said to herself; \'his eyes are so VERY wide, but she could not think of anything to put the Dormouse denied nothing, being fast asleep. \'After that,\' continued the King. \'Shan\'t,\' said the.',86,0,1,'2010-11-09 13:57:18'),(91,78,61,'I suppose Dinah\'ll be sending me on messages next!\' And she went back to the Mock Turtle. \'Certainly not!\' said Alice doubtfully: \'it means--to--make--anything--prettier.\' \'Well, then,\' the Cat in a.',17,0,1,'2001-05-16 12:26:46'),(92,76,59,'I should understand that better,\' Alice said to the table for it, she found a little timidly: \'but it\'s no use in saying anything more till the Pigeon went on, \'you throw the--\' \'The lobsters!\'.',27,1,1,'1988-07-18 13:21:22'),(93,4,43,'Alice dear!\' said her sister; \'Why, what are YOUR shoes done with?\' said the Cat. \'--so long as there was mouth enough for it now, I suppose, by being drowned in my size; and as he spoke, and added.',83,0,1,'1998-04-21 20:06:44'),(94,72,61,'I can guess that,\' she added aloud. \'Do you play croquet with the tarts, you know--\' She had not long to doubt, for the Dormouse,\' thought Alice; \'but when you throw them, and considered a little of.',34,1,1,'2015-06-18 11:09:12'),(95,73,45,'Duchess, digging her sharp little chin into Alice\'s head. \'Is that the pebbles were all turning into little cakes as they all spoke at once, while all the rest of the garden: the roses growing on it.',21,0,1,'1991-08-24 19:31:41'),(96,85,94,'Dormouse,\' the Queen ordering off her head!\' Alice glanced rather anxiously at the stick, and tumbled head over heels in its hurry to change the subject. \'Go on with the Dormouse. \'Write that down,\'.',100,1,1,'1985-12-10 17:43:05'),(97,47,33,'I see\"!\' \'You might just as she could, for the rest of it in asking riddles that have no answers.\' \'If you can\'t be Mabel, for I know is, it would be offended again. \'Mine is a long way. So they.',39,1,1,'2009-05-05 16:44:31'),(98,41,74,'But they HAVE their tails in their mouths. So they sat down, and felt quite unhappy at the place of the others all joined in chorus, \'Yes, please do!\' pleaded Alice. \'And ever since that,\' the.',95,1,1,'1983-05-14 21:50:10'),(99,99,59,'Dormouse shook its head impatiently, and walked two and two, as the question was evidently meant for her. \'I wish I could not taste theirs, and the pool of tears which she concluded that it was.',55,0,1,'2006-06-18 00:03:50'),(100,19,37,'Alice thought this must ever be A secret, kept from all the rats and--oh dear!\' cried Alice (she was obliged to say \"HOW DOTH THE LITTLE BUSY BEE,\" but it makes rather a hard word, I will prosecute.',91,0,1,'1975-05-21 20:49:07');
/*!40000 ALTER TABLE `messages` ENABLE KEYS */;
UNLOCK TABLES;

--
-- Table structure for table `posts`
--

DROP TABLE IF EXISTS `posts`;
/*!40101 SET @saved_cs_client     = @@character_set_client */;
/*!50503 SET character_set_client = utf8mb4 */;
CREATE TABLE `posts` (
  `id` int unsigned NOT NULL AUTO_INCREMENT,
  `user_id` int unsigned NOT NULL,
  `community_id` int unsigned DEFAULT NULL,
  `head` varchar(255) DEFAULT NULL,
  `body` text NOT NULL,
  `media_id` int unsigned DEFAULT NULL,
  `is_public` tinyint(1) DEFAULT '1',
  `is_archived` tinyint(1) DEFAULT '0',
  `created_at` datetime DEFAULT CURRENT_TIMESTAMP,
  `updated_at` datetime DEFAULT CURRENT_TIMESTAMP ON UPDATE CURRENT_TIMESTAMP,
  PRIMARY KEY (`id`),
  KEY `posts_user_id_fk` (`user_id`),
  KEY `posts_community_id_fk` (`community_id`),
  KEY `posts_media_id_fk` (`media_id`),
  CONSTRAINT `posts_community_id_fk` FOREIGN KEY (`community_id`) REFERENCES `communities` (`id`),
  CONSTRAINT `posts_media_id_fk` FOREIGN KEY (`media_id`) REFERENCES `media` (`id`),
  CONSTRAINT `posts_user_id_fk` FOREIGN KEY (`user_id`) REFERENCES `users` (`id`)
) ENGINE=InnoDB AUTO_INCREMENT=101 DEFAULT CHARSET=utf8mb4 COLLATE=utf8mb4_0900_ai_ci;
/*!40101 SET character_set_client = @saved_cs_client */;

--
-- Dumping data for table `posts`
--

LOCK TABLES `posts` WRITE;
/*!40000 ALTER TABLE `posts` DISABLE KEYS */;
INSERT INTO `posts` VALUES (1,74,5,'Ut qui cupiditate nihil consequuntur.','Est est quo vel aut et vel eligendi. Atque ratione explicabo laboriosam commodi. Tempora laudantium fugit ipsa voluptatem praesentium aliquam aut. Mollitia rem laudantium qui ducimus placeat. Reiciendis eum pariatur commodi pariatur tempore quisquam.',19,1,0,'2014-01-20 22:16:14','2020-11-24 19:49:14'),(2,55,3,'Ut est perspiciatis quia voluptate deleniti.','Exercitationem in et placeat iusto sapiente hic. Sit id nihil magnam nulla. Maiores voluptatibus est adipisci cum. Quia quia voluptatibus autem omnis in.',67,1,0,'1993-07-02 20:02:30','2020-11-24 19:49:14'),(3,43,17,'Iste adipisci rem ut ipsa.','Cum voluptatem illo minima nemo. Reiciendis nihil quos nostrum excepturi. Enim natus quo dolorem recusandae voluptatum voluptatum.',3,1,0,'1983-12-18 01:29:21','2005-02-03 17:58:09'),(4,36,15,'Molestiae voluptatum incidunt maxime.','Maiores recusandae cupiditate itaque repudiandae et voluptatibus quidem. Qui dolor nihil dolorem assumenda. Eveniet voluptates neque eum similique. Omnis esse voluptatem molestiae placeat nisi est vel.',78,1,0,'2013-10-16 22:50:15','2020-11-24 19:49:14'),(5,82,2,'Sit recusandae dicta autem.','Sed eius molestiae fuga et quisquam provident fugit unde. Deleniti doloremque omnis inventore maiores distinctio. Consequuntur officia expedita tempore eius nam.',30,0,1,'2013-12-11 23:42:42','2017-06-07 03:45:11'),(6,12,11,'Voluptas consequuntur eos quas.','Sunt laudantium quia consequatur provident reiciendis suscipit at perferendis. Vitae atque sint placeat ipsam aliquam. Delectus nisi et tenetur dolor nam quia delectus. Provident et qui fuga vero consectetur vel.',94,1,1,'1978-08-17 17:33:45','1980-12-13 22:09:54'),(7,47,16,'Numquam cupiditate optio officiis.','Quidem earum saepe minus fugiat. Eum velit voluptatem labore. Nihil non eum dolor animi nihil doloribus est velit. Omnis quibusdam ut et incidunt recusandae est est.',64,1,0,'2020-02-18 00:48:55','2020-11-24 19:49:14'),(8,83,16,'Inventore fugiat officia ut in.','Commodi et illo nulla totam. Vel voluptatem rerum dolor dolor ipsum at.',73,1,1,'2001-06-30 00:44:12','2020-11-24 19:49:14'),(9,62,5,'Repudiandae et at eius beatae.','Ut libero sed consequatur ea illum. Inventore corrupti ex assumenda velit reprehenderit ut. Nostrum dolore ducimus non a sit quibusdam aut. Officiis magni modi delectus non porro sit exercitationem.',53,0,0,'2020-06-19 18:36:11','2020-11-24 19:49:14'),(10,9,15,'Aut et explicabo.','Cum molestias id enim consectetur perferendis aperiam. Odio saepe quas delectus. Tenetur minus ducimus ipsum error. Ea dolorum cupiditate aperiam repellendus rerum cumque.',48,1,0,'1971-09-29 00:29:43','2007-11-26 08:48:35'),(11,47,7,'Accusamus incidunt dolor.','Aperiam quia et aliquam nostrum quia. Voluptatum blanditiis corrupti sapiente.',13,1,0,'1971-05-02 06:26:23','2003-11-13 01:34:13'),(12,81,12,'Vel quos accusamus nulla.','Facere voluptas enim sint cupiditate consequatur aperiam. Assumenda dolores impedit id dicta nulla velit minima laborum. Ut nemo earum distinctio.',24,1,0,'1987-01-07 23:41:31','2020-11-24 19:49:14'),(13,71,11,'Sed et quos eius quo aperiam.','Quia modi facere non. Rerum voluptates culpa impedit consectetur blanditiis aut. Perspiciatis autem quidem dolorem eum nemo voluptates est. Qui sint sunt ipsam et veritatis et esse.',55,0,0,'1989-02-09 09:10:11','2020-11-24 19:49:14'),(14,91,16,'Impedit nobis enim est odit.','Ea non vel odit qui numquam consequatur. Et et facilis nobis et. Perferendis qui iusto asperiores. Itaque consectetur beatae et ipsum quam officiis ut illum.',42,1,0,'1981-05-15 06:24:22','1985-06-27 02:40:24'),(15,60,2,'Nesciunt pariatur voluptas labore aut.','Quia distinctio autem dolorem itaque ut. Sapiente sunt consequatur facere et ut assumenda debitis.',96,1,0,'1985-01-15 08:29:21','2020-11-24 19:49:14'),(16,42,11,'Fuga similique quas autem aut.','Voluptas est aut id omnis voluptates aut velit. Rerum asperiores explicabo enim facere recusandae tenetur id. Enim asperiores sit dolores dolore maiores.',92,1,1,'2020-11-23 19:37:35','2020-11-24 19:49:14'),(17,96,2,'Reprehenderit quod aliquam ipsa.','Illum tempora rerum voluptate architecto. Rerum perspiciatis quia doloribus molestias praesentium. Voluptatum et inventore cum architecto sit unde excepturi. Eos quidem qui ad non autem eum necessitatibus assumenda.',39,1,0,'1979-07-16 06:33:13','2000-05-18 05:45:51'),(18,58,10,'Voluptates at molestiae maxime adipisci.','Molestias molestiae quaerat nostrum fuga. Placeat sed porro labore ea praesentium aspernatur. Dolorem dolore qui inventore laborum.',18,0,0,'2015-04-08 12:11:47','2020-11-24 19:49:14'),(19,94,19,'Quas eveniet consequatur.','Nemo architecto quia aut tempora facilis et commodi. Non sint itaque eos ut velit ea saepe. Qui eaque porro repudiandae blanditiis similique consequatur. Doloremque enim perspiciatis aut deserunt eos enim. Ipsum sint aut ea enim maxime voluptatum porro aliquam.',28,1,0,'1988-10-29 05:31:08','2000-10-06 23:31:13'),(20,59,16,'Provident ut vel magni harum.','Voluptate soluta dicta officiis reprehenderit. Tempore est sint sequi. Iste dignissimos illum voluptatem excepturi et repellendus et nam. Velit accusamus ipsa quisquam animi est in ipsum.',74,1,0,'1984-06-10 18:39:40','2014-04-01 12:40:34'),(21,85,5,'Non est mollitia impedit in dolores.','Ipsam eaque sed quis velit minima qui a officia. Est earum officia eaque consequatur recusandae facilis sint qui. Voluptates vero labore accusantium et amet fugiat dolor. Ex nam aut ad nemo.',29,1,0,'1993-07-24 08:59:06','2020-11-24 19:48:20'),(22,42,19,'Voluptas nemo possimus.','Aut tempora sunt vel. Omnis voluptatem quia tempore maxime ut et. Est accusantium maiores exercitationem nam explicabo.',14,1,0,'2002-11-28 05:21:14','2014-04-10 22:04:46'),(23,17,2,'Ut quasi voluptatem blanditiis sunt.','Incidunt culpa eaque et consequuntur ex voluptatem quae. Ratione possimus sint quia nihil consectetur id. Ad dolores ut expedita animi inventore qui ratione. Sed reiciendis aut magni cumque fuga similique aut.',67,1,0,'2016-03-15 03:01:41','2020-11-24 19:49:14'),(24,54,7,'Veritatis ut doloribus laudantium.','Accusamus qui tempora quia nulla veniam repellendus. Culpa quo velit molestias temporibus ex est. Voluptate blanditiis quis esse ullam vitae. Natus sint commodi consequatur optio odit aut quod.',95,1,0,'2003-03-13 12:30:42','2006-08-31 13:58:18'),(25,4,16,'Provident vel quo incidunt ipsam iure.','Vitae sed sequi consequatur facere quam qui sit quis. Eum dolorem nam incidunt. Voluptas cupiditate voluptatum autem numquam tenetur. Velit est non illo et.',61,0,0,'2016-07-13 03:08:11','2020-11-24 19:49:14'),(26,98,16,'Deleniti et tenetur.','Minima cum quis deserunt. Natus aut adipisci voluptas consequuntur. Asperiores tenetur et praesentium odit sit dignissimos perferendis accusantium. Dolore a quod debitis aut rerum fugit. Tempore ipsam doloremque id ut maxime corrupti.',6,0,0,'2018-09-28 15:42:00','2020-11-24 19:48:20'),(27,62,15,'Qui rerum ut.','Ea eum deleniti atque aperiam voluptatem. Ex sed dolore ab rerum dicta error est. Perspiciatis voluptatem sunt aperiam rerum.',29,1,1,'1972-08-01 22:05:34','2004-07-29 01:17:08'),(28,7,6,'Eum cupiditate quod ratione voluptatem.','Sint necessitatibus eos quae est quaerat consequatur. Molestiae sint omnis et optio.',96,1,1,'1974-04-08 00:15:36','1997-07-06 06:35:29'),(29,14,9,'Voluptas quod occaecati aut alias.','Labore occaecati impedit perspiciatis consequatur. Et quis inventore itaque odio aut. Quia similique dolorem et qui rem at.',1,1,0,'1972-10-05 16:24:07','1986-09-04 15:46:44'),(30,42,20,'Repellendus animi accusantium vitae laborum aspernatur.','In odio est odit itaque. Accusamus eos nobis ducimus rem mollitia eveniet dolorem repellat. Quia in sit repellendus animi.',56,1,0,'1977-03-31 07:11:34','1988-04-29 06:43:57'),(31,20,19,'Nostrum praesentium illum magni consequatur.','Ut atque qui autem rerum aliquid vitae quia. Perferendis illum autem sit necessitatibus nostrum est. Nihil placeat cum autem aut. Aut odio temporibus voluptatum aperiam earum.',69,0,0,'1985-09-26 23:57:10','2020-11-24 19:49:14'),(32,21,18,'Praesentium rerum ut quaerat animi ut.','Dicta similique optio dicta asperiores facilis. Quidem reprehenderit corporis id ipsa quaerat libero pariatur. Dolor ducimus qui aut et est rerum. Alias eum atque tempore voluptas nesciunt sint fuga.',37,1,0,'2005-07-21 16:07:40','2020-11-24 19:49:14'),(33,12,5,'Cupiditate possimus natus unde.','Totam itaque cum aperiam et aliquam. Repellendus fuga cumque ut illo velit autem hic. Enim asperiores in nesciunt ut voluptas.',23,1,0,'1970-06-09 10:29:21','2013-04-26 16:52:13'),(34,55,19,'Non ea eos assumenda.','Praesentium magnam exercitationem et possimus unde nam dolores. Deleniti qui omnis doloremque dolor.',4,1,0,'1974-07-04 00:44:23','2009-07-13 22:07:03'),(35,22,3,'Quos amet consequatur.','Ad molestiae eius doloribus esse. Eum perferendis voluptatem eum fugit velit quasi ab. Sint dolorem totam nisi fuga aliquam. Aperiam architecto eligendi temporibus repudiandae adipisci quaerat.',74,1,0,'1972-03-05 10:03:16','2020-11-24 19:48:20'),(36,6,10,'Saepe deserunt ut quidem totam.','Est optio excepturi consequatur. Et consequatur saepe mollitia similique. Aut voluptas maxime ipsum porro. Consectetur eum cumque aliquid est.',95,1,1,'2006-05-01 17:32:37','2006-09-13 14:31:19'),(37,80,18,'Dolores fuga voluptatum et enim labore.','Debitis sed dolores quod saepe optio possimus. Deserunt inventore repellat sit quis.',40,0,1,'1995-04-17 18:56:04','2016-08-17 23:56:42'),(38,71,5,'Est cupiditate aliquid et.','Qui dolor et ut saepe doloribus. Eveniet aut fugit quos necessitatibus. Enim recusandae expedita et. Porro quam numquam est quas a odit rerum hic.',63,0,0,'2003-12-09 02:48:46','2020-11-24 19:49:14'),(39,24,17,'Eum vitae atque cupiditate asperiores.','Dignissimos at a sint et pariatur voluptate et. Repudiandae cumque dolorem architecto fugiat nostrum dolor vitae. Voluptatem doloremque voluptas alias iusto mollitia. Exercitationem voluptates fuga assumenda velit aspernatur voluptatem. Ut corrupti vero eos rerum eveniet.',1,1,0,'2008-06-09 15:15:56','2014-09-17 05:27:17'),(40,51,2,'In assumenda sunt at.','Ipsum ducimus voluptatem veritatis est aliquid voluptas. Dignissimos qui tenetur pariatur molestias officia corrupti. Adipisci corporis esse non aliquid. Veniam aut vel ut alias.',49,1,0,'2008-03-20 22:02:24','2020-11-24 19:49:14'),(41,24,7,'Non quidem qui rem.','Accusantium ut harum eum quaerat debitis. Recusandae illum rerum molestias pariatur nulla saepe.',21,1,0,'2019-03-22 10:49:14','2020-11-24 19:49:14'),(42,78,9,'Iste rerum quia.','Labore quae cupiditate sit totam consequatur id sunt. Reiciendis vero amet illum ducimus quia ipsam. Commodi exercitationem officia consequatur voluptatem fugit iusto est. Ipsa natus consequatur dolores voluptas repellat non.',86,1,0,'1976-06-23 23:31:04','2020-11-24 19:48:20'),(43,85,19,'Vel repudiandae qui facere voluptatem.','Ut iusto totam quae cum. Molestiae velit eaque tempora est. Et consequuntur incidunt consectetur quisquam. Nisi ratione id cumque iure consequatur nisi soluta autem.',65,1,1,'1978-04-14 22:06:07','1992-06-02 15:48:06'),(44,8,15,'Aut velit debitis sit.','Dolorem ut dolor veritatis quam pariatur. Fugit perferendis asperiores numquam in. Voluptatem reprehenderit sed beatae. Quisquam incidunt sunt est cupiditate.',21,0,0,'1987-03-20 04:24:30','2012-02-22 21:01:37'),(45,92,5,'Ut error omnis consectetur illo.','Distinctio rerum provident voluptatibus. Qui modi dolores neque eveniet fugit consectetur. Voluptatem asperiores neque optio ratione harum rerum suscipit.',64,1,0,'1994-02-09 10:17:37','2020-11-24 19:49:14'),(46,59,4,'Omnis corporis exercitationem.','Et iusto et tempora consequatur qui voluptatem. Suscipit id maiores ut veniam omnis fugiat. Tenetur est non reprehenderit quos.',38,0,0,'1992-05-17 20:52:12','2011-07-03 18:13:59'),(47,91,12,'Quia eaque aliquam alias voluptatem.','Sunt consequatur dolorum aut pariatur id rerum. Nobis minima ratione et blanditiis. At impedit perspiciatis sed omnis. Ut tempora ducimus et possimus laudantium doloribus et velit.',83,1,0,'1987-02-22 07:14:36','1989-10-24 12:40:45'),(48,53,5,'Nisi unde facilis occaecati veniam deleniti.','Quam voluptatem quibusdam numquam omnis voluptatibus ut minus. Nulla perspiciatis voluptas est ab et cum sint. Aut aut quis error et quae.',58,1,0,'2003-06-21 13:49:25','2020-11-24 19:49:14'),(49,35,14,'Enim omnis culpa fugiat.','Numquam libero ut ut facere dolor cumque ipsa nesciunt. Omnis qui dolor ut accusamus. Reiciendis nisi deserunt enim eius est laborum rerum. Nesciunt perferendis nam sed aut sit qui.',87,1,0,'1984-03-28 23:32:59','1986-03-31 17:05:21'),(50,59,11,'Ipsa accusamus similique et occaecati quaerat.','Incidunt quia voluptas quos doloribus necessitatibus sit. Ex tenetur qui ab sunt necessitatibus quis earum.',22,1,0,'1989-08-05 11:04:50','1991-12-13 00:54:21'),(51,13,20,'In atque eum.','Ipsum et voluptatem totam ad qui a in eum. Aperiam asperiores fugit quisquam aperiam reiciendis rerum sint.',70,1,1,'2006-10-10 14:19:48','2020-09-02 13:47:16'),(52,75,10,'Aperiam quo facilis sint commodi.','Earum dolores nihil nemo sint totam odit. Nam eaque ipsam ut omnis et natus rem. Enim maiores dolores beatae et maiores commodi omnis.',20,1,0,'2003-07-02 14:24:00','2020-11-24 19:49:14'),(53,22,6,'Minima aut magnam quia.','Sapiente vero dicta ad dolor aut qui fuga. Laboriosam rem ut ut perferendis dolorum dignissimos modi. Ea ipsum consequatur omnis.',50,1,0,'1980-06-12 00:38:51','2020-11-24 19:49:14'),(54,7,17,'Rerum nesciunt sint ea reprehenderit.','Sunt numquam dolorem corrupti repudiandae. Voluptatem est earum tempore quia. Id tempore quam quia magni.',94,0,0,'1978-01-09 04:56:48','1992-02-27 12:21:28'),(55,13,18,'Repellendus totam minima id libero.','Consequatur quae tenetur vero molestiae quidem ut. Eaque placeat ex iusto ipsa voluptas. Qui ullam dolores culpa consectetur ut laboriosam.',73,1,0,'1988-01-19 05:38:41','2003-02-03 18:13:52'),(56,45,8,'Ad aut voluptatum.','Voluptate dignissimos qui repudiandae molestias iusto. Consequatur non officiis sequi iusto voluptatem. Et officia quaerat est et dolore cum ex assumenda. Eos consequatur quisquam nam quia fugit amet.',18,1,0,'2005-09-12 00:39:19','2011-08-29 03:09:54'),(57,53,9,'Qui itaque eum laudantium.','Unde sapiente iure et placeat voluptas. Placeat et ratione culpa saepe ut est inventore. Sed nesciunt aperiam non accusantium dolorum. Ad earum nemo et non ipsa necessitatibus consectetur eaque. Consectetur nulla sint reiciendis velit.',6,1,0,'1984-09-01 07:13:05','2020-11-24 19:49:14'),(58,65,16,'Est qui ut explicabo architecto aliquid.','Fugit aperiam aut rem qui. Quod non accusantium dignissimos sapiente quas. Qui rem voluptate tenetur.',38,0,0,'1991-04-28 21:55:02','2020-11-24 19:48:20'),(59,41,16,'Maxime qui doloribus neque magni.','Enim aut reiciendis nihil aut voluptatem et doloribus. Est veritatis qui voluptatem labore voluptatibus. Eum voluptatum voluptatem molestias. Necessitatibus aut et ea rerum tenetur.',30,1,0,'1981-08-14 11:35:00','2020-11-24 19:49:14'),(60,53,2,'Similique facere ut officia aut.','Sint optio illo itaque animi libero maxime. Similique nulla a deserunt ipsa vitae voluptate. Excepturi at aut illum sed sunt quis.',71,1,0,'2005-02-21 00:15:46','2005-11-20 01:59:28'),(61,56,16,'Quod rerum necessitatibus.','Tempora laborum atque sunt saepe. Modi debitis non dolorem nam. Enim quos alias ut aut consequatur iusto. Eaque alias esse animi neque laudantium necessitatibus eos.',30,1,0,'2008-03-21 18:26:42','2020-11-24 19:49:14'),(62,95,15,'Omnis sint nihil eveniet voluptatum.','Sint consectetur assumenda est quia est assumenda. Dolores nihil nesciunt incidunt vel. Id et suscipit commodi est vitae sint. Nihil ad unde sint tempora.',65,1,0,'1987-08-22 15:05:42','1987-11-07 04:47:02'),(63,54,17,'Harum nam nemo.','Facilis voluptatem commodi pariatur recusandae voluptate. Quam est sit adipisci officiis illum sunt sunt expedita. Quam ex et corrupti ea explicabo possimus et.',19,1,0,'2001-08-26 14:26:55','2020-11-24 19:49:14'),(64,26,5,'Sunt excepturi minima et.','Quia quidem eum beatae illo impedit est fugiat. Sint sapiente ipsam qui eos quis ut. In rerum sit autem eveniet.',18,1,0,'2012-06-27 12:59:32','2020-11-24 19:49:14'),(65,47,1,'Recusandae ad voluptatem iusto quia.','Velit fugiat at qui ex laboriosam. Et et modi iusto aliquam doloremque quia reprehenderit rem. Sed dolore voluptas asperiores fugit cupiditate cupiditate. Soluta sed eveniet aut fuga fugiat non.',77,1,1,'2009-03-28 02:55:23','2013-05-21 11:57:32'),(66,13,12,'Ea animi dolor.','Omnis accusamus doloremque quaerat hic beatae ipsa sed autem. Cumque consectetur voluptas quaerat expedita. Ipsum exercitationem quia sit corporis cumque accusamus.',41,1,0,'1979-02-19 09:31:27','2020-11-24 19:49:14'),(67,67,5,'Dolor et et dolorem.','Totam dolorum assumenda incidunt autem. Rem officia officiis veritatis et ea nulla culpa aperiam. Voluptatibus et perferendis rem eum labore at. Ipsam natus ex est ipsum.',24,0,1,'2002-07-28 19:55:50','2020-11-24 19:49:14'),(68,55,10,'Ipsum quia quas enim.','Nihil quo quo corrupti aut qui rerum consequatur. Velit officiis aut est odio accusantium nulla. Deserunt suscipit dolorum aliquid sed. Vel est quidem voluptatibus non libero ea.',12,1,1,'2014-06-12 12:44:40','2020-11-24 19:49:14'),(69,91,10,'Neque non vitae soluta expedita.','Similique similique qui temporibus architecto ad nam numquam. Architecto eum deleniti dolorum saepe mollitia eaque. Quaerat rem quia rem omnis est aut magnam sapiente.',82,1,1,'1991-04-27 19:45:29','1991-07-07 15:58:49'),(70,93,6,'Id tenetur aliquid.','Quis sunt unde quis velit et sapiente. Officiis totam voluptatibus et voluptates. Voluptas veniam sed in libero quod quidem praesentium.',38,1,1,'1973-08-31 23:56:23','1992-01-12 10:29:19'),(71,59,10,'Voluptatem quasi ut aut ut animi.','Itaque sunt itaque fugiat sequi nisi voluptas recusandae. Rerum quisquam quibusdam enim qui. Voluptas est reprehenderit ut est quis quisquam.',92,1,0,'2010-12-13 22:21:08','2020-11-24 19:48:20'),(72,68,7,'Eaque quisquam quo quidem.','Quas delectus qui delectus quo libero. Non tempore ut vel sed sit harum quis. Labore praesentium qui iste et nisi. Qui dolore qui quia cum et.',23,1,1,'1982-12-23 07:01:05','1994-03-20 09:52:14'),(73,58,8,'Qui laborum dolore eius.','Blanditiis minus esse aspernatur occaecati. Doloribus omnis necessitatibus consequatur possimus error. Et in quaerat dolorem earum ut.',12,1,0,'1973-05-03 04:08:49','2003-04-09 19:50:06'),(74,14,19,'Et et voluptatem officiis.','Velit enim laborum blanditiis similique. Nobis non laborum sapiente adipisci totam sunt excepturi. Doloremque iste magnam velit.',20,0,0,'2008-11-24 14:29:30','2015-04-12 15:05:37'),(75,85,16,'Et repellendus molestiae tenetur.','Sit omnis quos consequatur rem aut. Ad sunt quae a sint. Iure et molestiae odio est reiciendis.',24,1,0,'1972-06-07 12:46:59','2014-05-21 21:01:23'),(76,43,1,'Enim id dolores qui culpa expedita.','Qui modi nesciunt illum quod nostrum nam. Est est ea quia soluta expedita. Cupiditate dolorum tempore adipisci ut ut et et. Saepe temporibus aut dolor et.',77,1,0,'1970-11-17 06:13:32','1998-02-25 22:40:49'),(77,97,20,'Totam earum quidem eum.','Ea nulla eos non voluptas aliquam. Magni deserunt amet magni soluta qui repudiandae voluptatibus facilis.',62,0,0,'2019-05-07 20:59:43','2020-11-24 19:49:14'),(78,81,8,'Sunt voluptatem aperiam accusantium.','Repellendus magnam ipsam sed et molestiae. Accusantium porro eum fugit a ut ut. Est odio eveniet magnam facilis tenetur laboriosam aut. Dicta quod natus facilis aspernatur aliquam.',55,1,1,'2012-06-10 13:46:12','2020-11-24 19:49:14'),(79,58,10,'Ab laudantium voluptate sed.','Laborum ut pariatur et. Quo adipisci suscipit est blanditiis molestias autem unde autem. Aliquid perspiciatis adipisci eos vel sed. Beatae numquam quae ut aut et beatae dolores.',97,1,0,'1979-11-01 21:41:01','2020-11-24 19:49:14'),(80,18,17,'Libero porro ipsum accusamus officia est.','Rem dicta incidunt magni. Voluptate consectetur quia ut. Repudiandae alias dolores dolor quia reiciendis nemo.',50,0,0,'2006-11-26 12:20:38','2007-11-23 08:33:23'),(81,25,11,'Modi nulla voluptate alias.','Consequatur qui ut consequatur possimus natus cumque. Molestiae rerum iure fugit alias officia ut nam. Dolore architecto neque quod nostrum. Est deleniti sequi quaerat cupiditate. Quo vitae pariatur non dolorem est praesentium.',79,1,0,'2000-06-03 13:50:18','2020-11-24 19:49:14'),(82,32,8,'Ducimus nam aut.','Consequatur voluptatem commodi dolor ea necessitatibus. Facere eum eum corporis et. Neque qui et eius impedit. Eos qui repellat quam id quas.',13,1,1,'1987-01-19 16:57:33','2002-03-27 01:28:14'),(83,53,12,'Debitis minima omnis repudiandae ea.','Voluptas rerum non architecto et ut. Aut et commodi accusamus omnis corrupti. Atque minima non est ipsa.',8,1,0,'1983-06-09 02:02:44','2003-08-10 19:34:22'),(84,59,16,'Facilis ut sunt voluptatem consequatur adipisci.','Molestiae voluptates nihil neque sit dolores nisi et sint. Beatae laboriosam recusandae aut. Dicta consequatur expedita eos doloribus.',38,1,0,'2003-09-01 09:50:16','2020-11-24 19:49:14'),(85,71,3,'Assumenda possimus illum rem suscipit consequatur.','Ut minima quia veniam enim asperiores. Cumque non deleniti odio architecto voluptas ipsam.',100,0,0,'2013-02-21 21:28:55','2017-12-28 18:36:47'),(86,23,13,'Et pariatur est recusandae.','Optio provident dolore quod quo. Tempora in quam eos quaerat. Quisquam reiciendis tempora repudiandae quisquam asperiores aut quisquam molestiae. Fuga totam quo cupiditate ut inventore. Nihil quo et consequatur recusandae occaecati.',70,1,0,'2017-03-08 14:59:02','2020-11-24 19:49:14'),(87,13,2,'Aliquid suscipit ipsam doloribus quos.','Culpa incidunt minus magni aut doloremque sed vel. Occaecati esse dolor ipsum dolore tempora omnis soluta. Qui et quia aut quisquam dolorum at odio ut.',40,1,0,'2010-10-22 06:03:34','2020-11-24 19:48:20'),(88,39,5,'Sunt at voluptas quo et id.','Ducimus amet ea tempore est. Nesciunt mollitia aut et dolores animi sint ut. Id illo sed adipisci dolorum ut. Cumque perferendis non assumenda voluptatum sed.',76,1,0,'2009-01-04 17:31:02','2018-06-27 13:12:00'),(89,82,13,'At non voluptas nemo.','Nisi ut minima autem non assumenda enim esse. Sit reiciendis non aliquid. Neque quis temporibus veniam ex recusandae.',21,1,0,'1992-03-18 03:42:43','2020-11-24 19:49:14'),(90,17,19,'Natus non quas sit autem.','Doloribus consectetur voluptatum consequatur quasi. Aut laboriosam quod perspiciatis deserunt blanditiis aut. Molestiae et facilis culpa et impedit blanditiis consequuntur.',30,1,0,'1983-11-09 15:45:31','2020-11-24 19:49:14'),(91,51,15,'Iste placeat inventore quibusdam.','Fuga blanditiis ratione consequuntur dolor est nihil. Iure officiis animi et cum. Atque totam vel quidem aspernatur non maiores sed neque. Omnis recusandae ipsum vel est repellendus.',80,1,0,'1998-03-07 19:58:48','2020-11-24 19:49:14'),(92,72,3,'Eius rerum nemo eligendi.','Voluptatibus ut voluptate sint doloribus sit laudantium laboriosam. Qui quis ullam ex perspiciatis nostrum. Aut ut explicabo architecto ad.',84,1,0,'1990-01-20 10:44:43','2020-11-24 19:49:14'),(93,23,9,'Doloribus distinctio et quaerat voluptatem.','Non officiis quisquam et. Et beatae nulla minima cum consectetur ullam ipsam atque. Aperiam fugiat voluptas accusamus qui dolor.',56,0,1,'1986-08-02 18:55:02','1996-08-10 13:15:03'),(94,47,18,'Quas similique tempore.','Nobis minus quis impedit iure non libero vitae. Molestiae aliquid quae recusandae iusto. Minus consequatur maiores et corporis porro voluptas deleniti. Placeat magni reprehenderit dolor quia et.',54,1,0,'1971-09-29 11:06:24','2020-11-24 19:48:20'),(95,14,18,'Consequatur consequatur sed sint dolor.','Cupiditate qui iusto explicabo aut. Deleniti deleniti non perferendis officiis esse. Et quo perspiciatis nobis saepe itaque in consequatur ullam.',42,1,0,'1986-06-23 03:52:59','2020-11-24 19:49:14'),(96,47,4,'Eaque laboriosam ut est iure.','Quisquam voluptas est ab veritatis deserunt optio consequatur aut. Laudantium temporibus ab et dolore dolorem consequatur. Reiciendis omnis architecto minima consequuntur. Consequatur hic quia et aliquid.',73,1,0,'2018-09-02 11:38:50','2020-11-24 19:49:14'),(97,82,6,'Recusandae saepe porro et fugiat.','Dignissimos qui et veritatis modi. Quidem voluptatibus sed tempore et iste sequi ex. Nobis qui ab dolorem molestiae neque error.',80,1,1,'1999-04-15 03:04:35','2000-10-26 17:07:11'),(98,11,5,'In ullam a saepe aut fugiat.','Est aut voluptatem nesciunt deleniti. Commodi eum id quidem blanditiis nobis cumque. Nisi et itaque inventore. Perferendis eveniet aperiam molestiae facilis. Dolore eos aut sit vitae rem nobis non.',73,1,0,'1987-10-09 05:02:30','1991-05-30 12:13:51'),(99,98,17,'Error libero minus.','Et consequatur voluptatem quia dolorem facilis dolor. Blanditiis veritatis voluptatum error minus.',22,1,0,'1990-06-09 20:25:11','2020-11-24 19:49:14'),(100,59,5,'Amet debitis doloremque accusantium.','Laboriosam deserunt voluptatibus repellendus ab sit. Ut facere voluptatibus autem voluptatem corrupti. Expedita aut distinctio aspernatur quia.',45,1,0,'1982-09-15 01:16:00','2017-03-23 05:55:12');
/*!40000 ALTER TABLE `posts` ENABLE KEYS */;
UNLOCK TABLES;

--
-- Table structure for table `profiles`
--

DROP TABLE IF EXISTS `profiles`;
/*!40101 SET @saved_cs_client     = @@character_set_client */;
/*!50503 SET character_set_client = utf8mb4 */;
CREATE TABLE `profiles` (
  `user_id` int unsigned NOT NULL COMMENT 'Ссылка на пользователя',
  `gender` enum('M','F') COLLATE utf8_unicode_ci NOT NULL,
  `birthday` date DEFAULT NULL COMMENT 'Дата рождения',
  `city` varchar(130) CHARACTER SET utf8 COLLATE utf8_unicode_ci DEFAULT NULL COMMENT 'Город проживания',
  `country` varchar(130) CHARACTER SET utf8 COLLATE utf8_unicode_ci DEFAULT NULL COMMENT 'Страна проживания',
  `created_at` datetime DEFAULT CURRENT_TIMESTAMP COMMENT 'Время создания строки',
  `updated_at` datetime DEFAULT CURRENT_TIMESTAMP ON UPDATE CURRENT_TIMESTAMP COMMENT 'Время обновления строки',
  PRIMARY KEY (`user_id`),
  CONSTRAINT `profiles_user_id_fk` FOREIGN KEY (`user_id`) REFERENCES `users` (`id`) ON DELETE CASCADE
) ENGINE=InnoDB DEFAULT CHARSET=utf8 COLLATE=utf8_unicode_ci COMMENT='Профили';
/*!40101 SET character_set_client = @saved_cs_client */;

--
-- Dumping data for table `profiles`
--

LOCK TABLES `profiles` WRITE;
/*!40000 ALTER TABLE `profiles` DISABLE KEYS */;
INSERT INTO `profiles` VALUES (1,'F','2016-03-20','Kristyland','Dominican Republic','2000-12-29 10:48:34','2020-11-17 21:25:30'),(2,'F','1985-04-09','McCulloughport','Uruguay','1988-07-06 23:05:32','1991-06-08 09:44:49'),(3,'F','2007-12-08','Johnnyfurt','Nicaragua','1971-03-23 20:36:27','2012-05-28 00:39:26'),(4,'M','1995-07-23','Cummingsfort','Aruba','1975-08-21 11:37:17','1990-04-01 05:28:59'),(5,'M','1972-09-08','McKenziefort','Panama','2008-07-10 00:38:55','2020-11-17 21:25:30'),(6,'F','1972-05-17','New Craigshire','Burundi','2012-07-31 20:25:02','2020-11-17 21:25:30'),(7,'M','1971-02-24','North Simoneshire','Croatia','2004-07-08 01:30:33','2020-11-17 21:25:30'),(8,'M','1991-08-05','Lydiamouth','French Polynesia','2015-07-24 06:44:59','2020-11-17 21:25:30'),(9,'M','2011-08-29','Port Lexi','Micronesia','1998-06-09 17:51:45','2020-11-17 21:25:30'),(10,'F','1996-03-10','New Roberto','Turks and Caicos Islands','2016-02-12 02:25:11','2020-11-17 21:25:30'),(11,'M','2011-07-24','Marisamouth','Netherlands Antilles','2002-03-25 11:41:32','2011-11-04 22:33:37'),(12,'M','1997-11-24','Lake Douglas','Iraq','2000-10-06 00:35:31','2010-03-27 05:51:57'),(13,'F','1999-04-19','Kleinview','Bhutan','2006-02-27 08:44:29','2020-11-17 21:25:30'),(14,'F','1970-07-25','Zulaufmouth','Ghana','1980-03-01 11:34:16','1990-07-17 00:59:02'),(15,'F','2013-03-17','Blickfurt','Antarctica (the territory South of 60 deg S)','2017-09-17 02:14:43','2020-11-17 21:25:30'),(16,'F','2007-06-01','Lake Portershire','Jamaica','2003-03-22 19:39:07','2020-11-17 21:25:30'),(17,'M','1983-11-12','West Jimmyview','Mauritania','2012-09-08 07:34:14','2020-11-17 21:25:30'),(18,'F','1984-10-28','West Angela','Andorra','2003-05-08 06:52:43','2020-11-17 21:25:30'),(19,'M','2008-11-08','Port Okeyville','Netherlands','2015-04-26 06:51:53','2020-11-17 21:25:30'),(20,'F','1970-12-01','East Mallory','Myanmar','2003-06-12 08:33:27','2020-11-17 21:25:30'),(21,'M','1978-08-31','Wardbury','Barbados','2006-05-12 09:35:20','2018-04-01 00:16:23'),(22,'F','2003-02-19','East Ocie','Liechtenstein','2019-01-11 18:18:40','2020-11-17 21:25:30'),(23,'M','2000-12-07','Lake Annabelleville','Angola','2009-10-11 10:54:03','2020-11-17 21:25:30'),(24,'M','1991-07-21','North Rachel','Sierra Leone','1991-12-28 14:59:09','2020-11-17 21:25:30'),(25,'F','2007-08-02','South Deontae','South Georgia and the South Sandwich Islands','1988-07-16 11:19:45','2020-11-17 21:25:30'),(26,'F','2000-09-24','Lake Diegoton','Canada','1971-11-08 10:58:19','1979-06-09 16:32:33'),(27,'F','2018-12-02','Libbymouth','Western Sahara','2001-06-28 09:40:40','2014-07-14 19:31:52'),(28,'F','2009-04-27','Noemyfort','Madagascar','1991-01-24 08:54:01','2005-04-09 18:07:30'),(29,'M','2006-06-10','Verlieburgh','Morocco','2014-05-30 23:34:28','2020-11-17 21:25:30'),(30,'F','2013-12-01','East Jo','Guernsey','1993-11-20 10:47:28','2020-11-17 21:25:30'),(31,'F','2019-11-25','Eldaville','Barbados','1999-12-11 08:51:19','2020-11-17 21:25:30'),(32,'F','2018-05-15','Swiftport','Barbados','2016-02-07 18:16:33','2020-11-17 21:25:30'),(33,'F','1977-08-12','Douglasview','Costa Rica','1970-07-23 00:46:33','2012-11-12 00:42:13'),(34,'F','1987-05-29','Stehrton','Benin','1981-03-21 21:42:29','1982-11-20 12:48:09'),(35,'M','2008-07-06','Lake Orionfurt','Uganda','1991-03-16 04:34:59','1997-11-28 15:05:26'),(36,'F','1974-05-19','South Magnolia','Malaysia','1976-04-20 18:21:56','1989-07-05 21:33:17'),(37,'F','2015-02-21','Port Lea','Armenia','1973-06-08 01:05:25','2011-07-15 08:41:49'),(38,'M','2013-05-17','North Lilly','Colombia','2013-07-10 01:16:23','2020-11-17 21:25:30'),(39,'M','1985-04-08','New Isadore','Slovenia','1988-10-19 12:45:25','1994-03-02 07:07:07'),(40,'F','1974-11-03','Curtisbury','Bahrain','1986-01-14 11:15:57','2008-07-05 10:40:11'),(41,'M','2009-06-06','Hobartmouth','Guyana','1985-12-18 11:03:53','1989-05-11 18:55:55'),(42,'M','2014-10-18','East Zettaton','Iceland','1989-05-19 13:50:17','1990-05-27 05:56:07'),(43,'M','2018-04-01','South Maximostad','United Arab Emirates','2016-03-17 15:29:32','2020-11-17 21:25:30'),(44,'M','1972-08-23','Haleyland','Guinea-Bissau','1987-06-06 04:55:24','2012-04-17 22:25:36'),(45,'F','1976-05-27','North Eloyside','Korea','2016-08-02 07:10:33','2018-07-13 07:03:31'),(46,'M','2005-07-03','South Pansy','Mauritius','1974-04-20 09:45:20','2003-06-23 20:45:12'),(47,'M','1986-02-01','Lake Bellfurt','Saudi Arabia','1980-11-14 16:23:35','2009-01-12 09:33:54'),(48,'F','2016-11-13','Lake Marion','Cuba','1982-09-01 21:25:08','1997-06-10 02:09:04'),(49,'F','1998-07-01','New Camille','Netherlands','2008-03-05 20:50:22','2020-11-17 21:25:30'),(50,'M','2006-09-09','Alessiaview','Peru','2019-01-30 03:59:27','2020-11-17 21:25:30'),(51,'F','2008-09-18','Gusikowskimouth','Belarus','2009-11-17 20:37:47','2020-11-17 21:25:30'),(52,'M','1971-08-20','North Issacview','Croatia','1987-05-09 17:08:34','1990-05-05 04:59:32'),(53,'F','1970-09-13','West Lizafurt','Congo','1977-07-07 09:43:26','2020-11-17 21:25:30'),(54,'F','2006-01-01','West Cassandrehaven','Cuba','1994-07-21 00:49:50','2019-11-17 08:58:49'),(55,'F','1978-04-07','East Llewellyn','Botswana','1998-08-30 05:11:50','2020-11-17 21:25:30'),(56,'F','1973-07-23','New Krystinaville','Switzerland','1981-11-06 04:23:25','1994-11-13 09:54:44'),(57,'F','1977-11-21','Juanitatown','Czech Republic','2014-07-09 07:23:11','2020-11-17 21:25:30'),(58,'F','1988-04-11','West Cielo','Burundi','1994-04-15 04:32:00','2020-11-17 21:25:30'),(59,'M','1974-07-22','Windlershire','Angola','1990-10-03 13:51:06','2013-03-29 11:09:11'),(60,'M','1996-10-13','Lake Etha','Mexico','1975-09-27 12:27:55','1999-07-28 15:45:50'),(61,'F','1997-07-22','North Estellbury','Zimbabwe','1983-11-15 04:05:32','1997-06-17 02:04:49'),(62,'M','2002-12-04','West Elmofurt','Egypt','1983-02-16 17:31:23','2005-05-12 00:43:46'),(63,'M','1987-05-15','North Joshville','United Kingdom','1977-07-28 14:53:50','2020-11-17 21:25:30'),(64,'M','1972-03-07','McCluremouth','Jordan','2004-07-29 03:20:46','2020-11-17 21:25:30'),(65,'M','2000-05-15','Jadeton','Cuba','2001-03-23 20:19:43','2004-03-04 02:56:28'),(66,'F','1993-10-30','Port Stephania','Libyan Arab Jamahiriya','1980-03-20 05:16:23','2020-11-17 21:25:30'),(67,'M','2013-05-04','North Sallie','Cambodia','2018-02-17 19:43:14','2020-11-17 21:25:30'),(68,'F','1976-05-04','West Magdalen','Guam','1988-12-15 16:54:41','1999-03-11 22:11:06'),(69,'M','2000-12-29','South Garryborough','Uganda','2018-07-07 23:16:18','2020-11-17 21:25:30'),(70,'M','1994-01-21','New Dameon','Eritrea','1997-03-03 20:57:38','2020-11-17 21:25:30'),(71,'F','2018-07-15','New Abby','Tokelau','2012-04-02 23:14:40','2020-11-17 21:25:30'),(72,'M','1988-02-15','Bransonmouth','Grenada','2016-09-21 23:05:57','2020-11-17 21:25:30'),(73,'M','1983-07-14','New Aida','Cote d\'Ivoire','1972-02-02 08:59:01','2001-12-22 19:49:34'),(74,'F','1983-10-17','McLaughlinville','Ireland','1989-02-01 01:27:01','1989-06-15 07:04:17'),(75,'F','1995-12-16','Mylesville','Yemen','1978-10-03 03:09:31','2014-05-15 02:31:03'),(76,'M','1977-10-15','Watersville','Christmas Island','1997-03-23 10:05:35','2020-11-17 21:25:30'),(77,'F','2002-08-10','Daremouth','Austria','2019-04-23 22:29:19','2020-11-17 21:25:30'),(78,'M','2005-12-16','New Ayanatown','Chile','1974-04-19 02:00:51','1983-10-07 20:55:56'),(79,'F','1977-05-21','West Sheilaville','Bolivia','1985-09-19 19:03:43','1994-03-16 23:07:21'),(80,'F','2017-06-27','Izabellaside','Uganda','2007-11-30 06:17:52','2020-11-17 21:25:30'),(81,'F','1992-07-10','Itzelshire','Antigua and Barbuda','1976-02-01 08:59:19','2003-02-07 12:44:05'),(82,'M','1993-08-01','Bartolettitown','Italy','1977-11-04 16:59:56','1980-09-16 11:50:24'),(83,'F','1996-09-06','McGlynnview','Tunisia','1970-04-11 15:54:59','1972-10-02 02:22:36'),(84,'M','1997-07-31','East Sid','Spain','2007-04-21 18:32:29','2020-11-17 21:25:30'),(85,'F','1982-04-24','South Danburgh','Iran','1994-06-11 07:30:28','1996-04-09 18:29:39'),(86,'F','1972-05-14','North Claud','Bouvet Island (Bouvetoya)','2002-12-05 04:07:29','2020-11-17 21:25:30'),(87,'F','2004-09-05','Garnettstad','China','1990-03-30 11:52:00','2002-04-12 12:45:52'),(88,'F','2013-08-29','West Kiaraberg','Andorra','1997-07-06 02:31:34','2020-11-17 21:25:30'),(89,'F','1979-02-17','North Lon','Kiribati','1977-08-07 00:03:39','2020-11-17 21:25:30'),(90,'M','2005-09-09','Seanfurt','Albania','1979-03-29 15:39:03','2003-02-01 07:43:43'),(91,'F','1978-10-18','Port Linatown','Paraguay','1992-12-19 18:02:31','2015-06-24 09:49:03'),(92,'F','1991-03-12','Bahringerfurt','Ethiopia','1996-03-13 20:29:45','2020-11-17 21:25:30'),(93,'F','2013-12-15','Schimmelton','Tajikistan','2006-08-07 23:53:24','2020-11-17 21:25:30'),(94,'M','2012-12-23','Garnettview','Germany','1998-11-15 16:04:27','2017-10-30 10:43:50'),(95,'F','2018-10-19','Sethfurt','Lesotho','2005-09-26 00:29:24','2020-11-17 21:25:30'),(96,'F','2003-12-07','Port Orlandmouth','Canada','1993-10-01 13:07:17','2020-11-17 21:25:30'),(97,'M','1976-03-04','Lake Drew','Indonesia','2009-11-09 03:32:27','2020-11-17 21:25:30'),(98,'M','2012-05-25','East Olaf','Saint Martin','1985-05-23 19:56:40','2020-11-17 21:25:30'),(99,'F','2015-05-04','Gottliebmouth','Spain','2013-03-14 14:10:34','2017-11-08 00:57:17'),(100,'F','1988-05-03','South Kayaton','Saint Martin','2009-04-18 15:53:08','2020-11-17 21:25:30');
/*!40000 ALTER TABLE `profiles` ENABLE KEYS */;
UNLOCK TABLES;

--
-- Table structure for table `target_types`
--

DROP TABLE IF EXISTS `target_types`;
/*!40101 SET @saved_cs_client     = @@character_set_client */;
/*!50503 SET character_set_client = utf8mb4 */;
CREATE TABLE `target_types` (
  `id` int unsigned NOT NULL AUTO_INCREMENT,
  `name` varchar(255) NOT NULL,
  `created_at` datetime DEFAULT CURRENT_TIMESTAMP,
  PRIMARY KEY (`id`),
  UNIQUE KEY `name` (`name`)
) ENGINE=InnoDB AUTO_INCREMENT=5 DEFAULT CHARSET=utf8mb4 COLLATE=utf8mb4_0900_ai_ci;
/*!40101 SET character_set_client = @saved_cs_client */;

--
-- Dumping data for table `target_types`
--

LOCK TABLES `target_types` WRITE;
/*!40000 ALTER TABLE `target_types` DISABLE KEYS */;
INSERT INTO `target_types` VALUES (1,'messages','2020-11-24 18:31:41'),(2,'users','2020-11-24 18:31:41'),(3,'media','2020-11-24 18:31:41'),(4,'posts','2020-11-24 18:31:41');
/*!40000 ALTER TABLE `target_types` ENABLE KEYS */;
UNLOCK TABLES;

--
-- Table structure for table `users`
--

DROP TABLE IF EXISTS `users`;
/*!40101 SET @saved_cs_client     = @@character_set_client */;
/*!50503 SET character_set_client = utf8mb4 */;
CREATE TABLE `users` (
  `id` int unsigned NOT NULL AUTO_INCREMENT COMMENT 'Идентификатор строки',
  `first_name` varchar(100) CHARACTER SET utf8 COLLATE utf8_unicode_ci NOT NULL COMMENT 'Имя пользователя',
  `last_name` varchar(100) CHARACTER SET utf8 COLLATE utf8_unicode_ci NOT NULL COMMENT 'Фамилия пользователя',
  `email` varchar(100) CHARACTER SET utf8 COLLATE utf8_unicode_ci NOT NULL COMMENT 'Почта',
  `phone` varchar(100) CHARACTER SET utf8 COLLATE utf8_unicode_ci NOT NULL COMMENT 'Телефон',
  `created_at` datetime DEFAULT CURRENT_TIMESTAMP COMMENT 'Время создания строки',
  `updated_at` datetime DEFAULT CURRENT_TIMESTAMP ON UPDATE CURRENT_TIMESTAMP COMMENT 'Время обновления строки',
  PRIMARY KEY (`id`),
  UNIQUE KEY `email` (`email`),
  UNIQUE KEY `phone` (`phone`)
) ENGINE=InnoDB AUTO_INCREMENT=101 DEFAULT CHARSET=utf8 COLLATE=utf8_unicode_ci COMMENT='Пользователи';
/*!40101 SET character_set_client = @saved_cs_client */;

--
-- Dumping data for table `users`
--

LOCK TABLES `users` WRITE;
/*!40000 ALTER TABLE `users` DISABLE KEYS */;
INSERT INTO `users` VALUES (1,'Felicia','Daugherty','boyle.treva@yahoo.com','545.518.1217','2017-03-21 21:38:02','2020-11-17 21:13:39'),(2,'Lourdes','Rice','leannon.pascale@gmail.com','241.896.9807x6372','2015-08-31 15:22:17','2018-05-26 19:37:15'),(3,'Cody','Krajcik','rkeebler@gmail.com','843.744.6873x39101','2013-09-20 13:14:28','2017-03-06 07:12:46'),(4,'Zella','Torp','beulah.tromp@hotmail.com','02868830195','2013-01-04 06:45:05','2016-12-29 15:14:00'),(5,'Johnathon','Beier','ldenesik@hotmail.com','01392247138','2016-03-11 00:07:16','2016-09-26 17:01:16'),(6,'Stuart','Smitham','nmayer@yahoo.com','1-059-750-7282x304','2012-05-02 14:31:15','2020-03-03 00:06:48'),(7,'Linnie','Hahn','aidan.fisher@yahoo.com','1-179-695-5298x52298','2011-09-26 15:42:59','2014-10-07 19:57:20'),(8,'Aubrey','Greenholt','conn.maryam@hotmail.com','1-043-427-4308x4177','2012-07-04 13:51:59','2014-04-15 21:30:58'),(9,'Thora','Farrell','mable.jast@gmail.com','1-214-111-9317','2017-10-08 04:12:40','2020-11-17 21:13:39'),(10,'Keon','Stoltenberg','lang.mason@yahoo.com','1-607-898-1443x2977','2012-11-19 15:19:33','2015-12-25 03:20:24'),(11,'Zelda','Shields','eileen.senger@yahoo.com','(670)584-6904','2015-06-02 16:59:04','2020-11-17 21:13:39'),(12,'Dylan','Balistreri','rita.mante@gmail.com','1-429-084-2462','2020-10-09 10:48:08','2020-11-17 21:13:39'),(13,'Triston','Rohan','qortiz@gmail.com','1-472-843-4846','2011-01-18 03:34:56','2018-05-17 16:59:28'),(14,'Dereck','Hodkiewicz','john42@gmail.com','609.986.8874x62366','2014-07-25 17:09:36','2014-12-10 16:04:49'),(15,'Rebekah','Rolfson','meta.becker@gmail.com','1-917-066-0118x8199','2013-12-02 11:06:14','2015-05-11 13:03:56'),(16,'Alyce','Runte','rose.greenfelder@yahoo.com','396.249.7767','2012-11-24 15:54:43','2017-06-07 09:34:24'),(17,'Sibyl','Wunsch','lgutmann@gmail.com','(042)677-6331','2018-10-05 04:24:15','2020-11-17 21:13:39'),(18,'Ayana','Botsford','lreichel@yahoo.com','436-381-2554x833','2013-05-23 15:45:58','2015-07-01 01:52:09'),(19,'Kaycee','King','nelle.renner@hotmail.com','1-515-878-0876x494','2018-06-14 08:51:03','2020-11-17 21:13:39'),(20,'Emmet','O\'Reilly','satterfield.skyla@yahoo.com','1-667-945-2897x83830','2019-12-20 20:44:22','2020-11-17 21:13:39'),(21,'Delilah','Bayer','aquitzon@hotmail.com','1-539-145-0464','2017-07-03 04:32:47','2018-03-28 20:16:49'),(22,'Alanis','Wolf','waelchi.gretchen@yahoo.com','643-723-4597x33532','2020-01-13 16:23:37','2020-11-17 21:13:39'),(23,'Palma','Pagac','ksmitham@gmail.com','(855)148-1024x7148','2018-01-17 17:21:45','2020-11-17 21:13:39'),(24,'Zelma','Wolff','orn.jordan@yahoo.com','962-237-6260x846','2017-10-14 20:55:53','2020-11-17 21:13:39'),(25,'Urban','Haag','imelda17@hotmail.com','714-694-5091x9149','2011-09-26 17:59:29','2017-09-03 01:33:45'),(26,'Jalen','Wehner','vlegros@hotmail.com','983-091-9188x99945','2015-08-16 13:27:41','2020-11-17 21:13:39'),(27,'Israel','Dietrich','tillman72@hotmail.com','(125)727-8244x27592','2011-06-11 02:50:40','2018-08-13 00:50:29'),(28,'Reta','Haley','pablo59@gmail.com','05568267916','2012-07-27 07:22:25','2014-06-29 21:34:31'),(29,'Maurine','Fay','yraynor@yahoo.com','00809804385','2019-09-17 17:57:50','2020-03-09 10:54:52'),(30,'Catalina','Bednar','satterfield.cicero@hotmail.com','213-073-8132','2014-08-19 19:35:17','2017-03-30 11:45:27'),(31,'Nadia','Ebert','stefanie32@hotmail.com','(882)127-7254x472','2016-04-22 19:06:05','2020-11-17 21:13:39'),(32,'Jacklyn','Hilpert','cronin.christian@hotmail.com','501-833-8434','2012-06-08 02:07:12','2017-09-07 11:28:47'),(33,'Elias','Swift','slegros@yahoo.com','256.063.8203','2016-10-09 20:57:37','2020-02-26 03:01:21'),(34,'Madie','Armstrong','rosalind79@yahoo.com','685.765.4627x80843','2016-11-04 12:38:25','2020-11-17 21:13:39'),(35,'Savanah','Williamson','roxanne.konopelski@gmail.com','201-468-5991x81713','2016-06-29 05:08:34','2018-09-27 08:55:10'),(36,'Lottie','Schaefer','marge15@gmail.com','(253)721-2358','2014-01-21 08:01:18','2020-04-13 14:35:17'),(37,'Kiel','Mitchell','damian.strosin@gmail.com','1-824-262-5106x9232','2017-09-06 18:44:03','2020-11-17 21:13:39'),(38,'Kaci','Haag','mallory47@gmail.com','158-867-9872','2013-03-11 01:31:25','2020-08-08 03:54:10'),(39,'Dino','Pagac','glover.erwin@yahoo.com','614.744.8137','2019-02-01 04:26:21','2020-11-17 21:13:39'),(40,'Verlie','Conn','mklein@gmail.com','1-262-290-4034x6536','2017-07-11 05:36:32','2020-11-17 21:13:39'),(41,'Otho','Emard','sflatley@yahoo.com','+79(8)4697883446','2014-01-05 16:19:05','2019-03-07 02:22:16'),(42,'Pattie','Haley','huels.lane@yahoo.com','094-142-3640x57025','2014-03-02 05:03:53','2019-07-31 02:13:21'),(43,'Marcus','Marks','ldickens@yahoo.com','437.858.6319','2017-05-01 07:02:54','2020-11-17 21:13:39'),(44,'Tracy','Reichert','lkutch@yahoo.com','(936)612-4664','2017-03-13 21:31:36','2020-11-17 21:13:39'),(45,'Brown','Hahn','frank93@yahoo.com','(649)621-6414','2018-02-17 09:00:04','2020-11-17 21:13:39'),(46,'Lea','Haley','olga75@yahoo.com','945-665-9782x5337','2020-02-14 22:08:47','2020-11-17 21:13:39'),(47,'Ashly','Prosacco','josie.smith@yahoo.com','659-299-2111x16129','2011-04-05 18:45:03','2012-11-14 23:34:27'),(48,'Camryn','Crona','terrence.wyman@gmail.com','426.854.7183x44646','2016-06-27 21:50:27','2020-09-29 08:34:16'),(49,'Jeanette','Beier','audie80@yahoo.com','193-551-3666','2011-02-07 00:37:10','2012-03-18 09:01:11'),(50,'Dayna','Gottlieb','vaughn.white@hotmail.com','1-039-595-8314x22082','2012-09-13 15:09:11','2020-04-08 01:49:04'),(51,'Juvenal','Conroy','nitzsche.macey@yahoo.com','(242)777-3657x001','2015-10-18 02:19:45','2020-11-17 21:13:39'),(52,'Abner','Watsica','darwin65@yahoo.com','(945)773-8484x841','2018-10-19 18:42:52','2020-11-17 21:13:39'),(53,'Damion','Kuhic','barton.robert@gmail.com','+93(7)5667882590','2014-09-17 10:12:52','2016-03-26 11:14:00'),(54,'Hettie','Gerlach','darwin22@gmail.com','222-763-0074x5146','2016-05-17 05:56:42','2020-11-17 21:13:39'),(55,'Angeline','Friesen','medhurst.adam@hotmail.com','+79(2)8272212011','2018-10-24 07:43:18','2019-07-26 01:38:13'),(56,'Electa','Considine','chowell@yahoo.com','(782)979-1634','2019-11-03 14:41:40','2020-11-17 21:13:39'),(57,'Harold','Collins','oberbrunner.amara@yahoo.com','460.797.1057','2020-02-11 10:48:39','2020-11-17 21:13:39'),(58,'Gideon','Brown','littel.clementine@gmail.com','1-735-811-0846x197','2020-07-24 00:04:55','2020-11-17 21:13:39'),(59,'Noemie','Doyle','jazmyn11@gmail.com','05300585477','2011-10-31 17:57:07','2017-02-05 02:44:49'),(60,'Haven','Bechtelar','marlen.dibbert@hotmail.com','900.971.8523','2020-03-27 06:47:41','2020-11-17 21:13:39'),(61,'Oscar','McLaughlin','larson.raymond@hotmail.com','05076191924','2014-08-16 06:19:36','2020-11-17 21:13:39'),(62,'Reese','Runte','yhalvorson@hotmail.com','1-202-847-0127x39675','2019-07-22 15:48:34','2019-08-24 21:37:06'),(63,'Catalina','Reichel','kasandra74@hotmail.com','+21(2)3560579360','2011-12-19 18:27:20','2019-12-20 18:32:54'),(64,'Allan','Rogahn','pbernhard@hotmail.com','256-197-5350x980','2017-11-24 20:23:38','2019-12-18 11:56:35'),(65,'Lucio','Block','larkin.shayne@yahoo.com','1-330-772-8602x5472','2011-02-24 09:00:16','2012-07-26 20:02:46'),(66,'Jade','Flatley','brown.joesph@gmail.com','(142)491-9074','2011-11-30 16:31:34','2014-04-29 20:42:48'),(67,'Samanta','Emmerich','ibayer@yahoo.com','09011779989','2013-10-21 23:14:40','2017-12-04 09:22:15'),(68,'Adela','Abshire','carmel81@gmail.com','1-146-186-2028','2011-06-21 12:35:43','2020-11-17 21:13:39'),(69,'Ernesto','Grant','joannie58@hotmail.com','086.090.3818x859','2012-03-04 15:35:09','2018-12-29 20:52:10'),(70,'Brennan','Schamberger','cyril77@yahoo.com','06175986891','2018-07-04 14:27:16','2020-11-17 21:13:39'),(71,'Flavie','Tromp','abraun@yahoo.com','851.186.1245','2013-01-09 00:56:15','2020-06-18 16:27:27'),(72,'Guido','Zemlak','schmeler.judson@hotmail.com','1-545-271-3614','2019-01-19 01:51:01','2020-11-17 21:13:39'),(73,'Vergie','Grant','gwilliamson@hotmail.com','04352203525','2013-08-15 03:19:45','2017-04-24 20:13:01'),(74,'Salvatore','Gerlach','kuhic.kayla@yahoo.com','978-243-7123x575','2015-08-06 18:17:12','2020-11-17 21:13:39'),(75,'Tom','Gleichner','kemmer.ariel@hotmail.com','07898139155','2017-10-14 23:11:41','2018-11-09 03:26:02'),(76,'Katlynn','Schuppe','alexys.daugherty@hotmail.com','434-084-9977x5220','2012-08-22 08:10:42','2020-07-20 06:58:15'),(77,'Odessa','Larson','gcummings@hotmail.com','+10(0)7544185765','2017-03-31 01:45:20','2020-11-17 21:13:39'),(78,'Carole','Fadel','willms.oscar@hotmail.com','926-669-0016x264','2018-09-30 02:41:08','2020-06-09 08:10:37'),(79,'Isac','Howell','desiree.cremin@yahoo.com','535.626.1115','2017-11-07 04:43:30','2020-11-17 21:13:39'),(80,'Augusta','Larkin','jules.fritsch@hotmail.com','01245864100','2012-03-03 21:58:44','2018-04-26 06:53:31'),(81,'Ariane','Reinger','charles.doyle@gmail.com','609.951.1914','2013-07-20 10:05:04','2016-08-27 00:51:47'),(82,'Zula','Lemke','hammes.verla@gmail.com','(078)922-7597','2019-02-17 17:03:48','2020-11-17 21:13:39'),(83,'Mylene','Pacocha','owen.graham@yahoo.com','1-104-122-2099','2011-11-05 09:19:31','2016-11-24 19:05:21'),(84,'Myrl','D\'Amore','lucio.ward@hotmail.com','+86(9)0672377902','2017-05-13 21:26:12','2020-11-17 21:13:39'),(85,'Steve','Rolfson','pschmidt@hotmail.com','(619)941-2045','2019-02-13 12:56:48','2020-03-04 15:15:38'),(86,'Arvilla','Lynch','rhettinger@gmail.com','026-518-6379x47915','2019-12-08 23:19:31','2020-11-17 21:13:39'),(87,'Margie','Johns','cmorar@yahoo.com','992-807-2555x2055','2014-02-01 17:25:07','2020-11-17 21:13:39'),(88,'Noemie','Weissnat','nabbott@gmail.com','(601)091-8493x966','2011-10-25 14:24:58','2015-05-16 22:13:54'),(89,'Antonio','Streich','istracke@gmail.com','(591)824-4636x71567','2011-02-04 02:04:50','2015-09-08 03:11:22'),(90,'Madonna','Beier','twillms@gmail.com','(001)090-1388','2020-04-25 21:20:40','2020-11-17 21:13:39'),(91,'Ernesto','Heller','reynolds.aida@yahoo.com','1-394-058-9039x00838','2016-06-02 21:41:24','2020-11-17 21:13:39'),(92,'Kaia','Wilderman','darian38@hotmail.com','(961)246-0748','2019-05-16 06:42:23','2020-11-17 21:13:39'),(93,'Edyth','Jakubowski','nova62@yahoo.com','(612)723-7460x114','2019-07-07 21:58:32','2020-11-17 21:13:39'),(94,'Tatum','Bashirian','martin11@yahoo.com','(966)647-9327x91739','2019-11-11 19:54:26','2020-09-22 18:51:59'),(95,'Donavon','Hegmann','emelia83@gmail.com','01964215793','2018-04-05 10:41:21','2020-11-17 21:13:39'),(96,'Precious','Nicolas','enicolas@gmail.com','+06(9)8551747765','2017-11-13 16:25:15','2020-11-17 21:13:39'),(97,'Patricia','Brakus','spinka.garth@hotmail.com','327.631.2403x9902','2013-09-11 03:04:10','2020-11-17 21:13:39'),(98,'Leatha','Howell','bobbie.jacobson@yahoo.com','+44(1)9039091277','2011-05-22 18:04:42','2014-02-10 04:05:47'),(99,'Eldora','Mosciski','powlowski.mohamed@gmail.com','534-573-3437x0454','2012-11-12 09:29:39','2018-08-30 16:39:24'),(100,'Orlo','Gleason','bednar.pierce@hotmail.com','269.878.5862','2012-10-22 14:24:19','2014-03-16 23:00:59');
/*!40000 ALTER TABLE `users` ENABLE KEYS */;
UNLOCK TABLES;

--
-- Final view structure for view `likes_10_youngest`
--

/*!50001 DROP VIEW IF EXISTS `likes_10_youngest`*/;
/*!50001 SET @saved_cs_client          = @@character_set_client */;
/*!50001 SET @saved_cs_results         = @@character_set_results */;
/*!50001 SET @saved_col_connection     = @@collation_connection */;
/*!50001 SET character_set_client      = utf8mb4 */;
/*!50001 SET character_set_results     = utf8mb4 */;
/*!50001 SET collation_connection      = utf8mb4_0900_ai_ci */;
/*!50001 CREATE ALGORITHM=UNDEFINED */
/*!50013 DEFINER=`root`@`localhost` SQL SECURITY DEFINER */
/*!50001 VIEW `likes_10_youngest` AS select count(0) AS `number_likes`,any_value((select timestampdiff(YEAR,`profiles`.`birthday`,now()) from `profiles` where (`likes`.`target_id` = `profiles`.`user_id`))) AS `age` from `likes` group by `likes`.`target_id` order by `age` limit 10 */;
/*!50001 SET character_set_client      = @saved_cs_client */;
/*!50001 SET character_set_results     = @saved_cs_results */;
/*!50001 SET collation_connection      = @saved_col_connection */;
/*!40103 SET TIME_ZONE=@OLD_TIME_ZONE */;

/*!40101 SET SQL_MODE=@OLD_SQL_MODE */;
/*!40014 SET FOREIGN_KEY_CHECKS=@OLD_FOREIGN_KEY_CHECKS */;
/*!40014 SET UNIQUE_CHECKS=@OLD_UNIQUE_CHECKS */;
/*!40101 SET CHARACTER_SET_CLIENT=@OLD_CHARACTER_SET_CLIENT */;
/*!40101 SET CHARACTER_SET_RESULTS=@OLD_CHARACTER_SET_RESULTS */;
/*!40101 SET COLLATION_CONNECTION=@OLD_COLLATION_CONNECTION */;
/*!40111 SET SQL_NOTES=@OLD_SQL_NOTES */;

-- Dump completed on 2020-12-04 23:41:54
